LN,FN,AKA,DOB,DOD,Notes,Attachments,Films (Appeared in),Films (Directed),Films (Produced),Films (Camerawork),Source,Films (Otherwise Involved),Prodctn Comp. Associated With,FilmsAbrahams,Edward R.,,,,,,The Sport of the Gods,,,,"""The 'Reol' Story: Race Authorship and Consciousness in Robert Levy's Reol Productions, 1921-1926""",,,Agusta,Howard,,,,,,"Smiling Hate,Children of Fate",,,,"""African American Films Through 1959: A Comprehensive, Illustrated Filmography""",,,Alexander,Chester A.,,,,,,Body and Soul,,,,,,,Alger,Paul K.,,,,Adapted Smiling Hate (Richards).,,,,,,"""African American Films Through 1959: A Comprehensive, Illustrated Filmography""",,,Smiling HateAllen,Anna Lou,,,,,,Hearts of the Woods,,,,"""African American Films Through 1959: A Comprehensive, Illustrated Filmography""",,,Anderson,Charles H.,,,,,,Uncle Remus' First Visit to New York,,,,"""African American Films Through 1959: A Comprehensive, Illustrated Filmography""",,,Anderson,Mrs. Charles H.,,,,,,Uncle Remus' First Visit to New York,,,,,,,Angerson,Ida,,,,,,The Secret Sorrow,,,,"""The 'Reol' Story: Race Authorship and Consciousness in Robert Levy's Reol Productions, 1921-1926""",,,Armour,Jean,,,,,,The Sport of the Gods,,,,"""The 'Reol' Story: Race Authorship and Consciousness in Robert Levy's Reol Productions, 1921-1926""",,,Arnold,Sam,,,,,,The Barber,,,,The Ambitions of William Foster,,,Austin,Jack,,,,,,The Green-Eyed Monster,,,,Oscar Micheaux and His Circle,,,Baker,William,,,,,,"The Wages of Sin,The Sea Beast",,,,,,,Bell,Spencer,,,,,,Tenderfeet,,,,"""African American Films Through 1959: A Comprehensive, Illustrated Filmography""",,,Birdsong,Sylvia,,,,,,"The Wages of Sin,The Witching Eyes",,,,"""African American Films Through 1959: A Comprehensive, Illustrated Filmography""",,,Bishop,Andrew S.,,,,,,"Temptation,A Son of Satan,The House Behind the Cedars",,,,Slow Fade to Black,,,Bock,Leo,,,,,,,,,Making Negro Lives Count,Uplift Cinema: The Emergence of African American Film and the Possibility of Black Modernity,,,Bowen,Henderson,,,,,,Chicago's Business Activities and Scenes along State Street/Chicago Businesses and Secret Orders,,,,The Ambitions of William Foster,,,Bowser,Aubrey,,,,"The Call of His People is based on Bowser's novel, per Peterson. --MP",,,,,,,,,The Call of His PeopleBoyd,Kathryn,,,,,,"The Flying Ace,Black Gold",,,,,,,Boyer,Elizabeth,,,,,,"The Sport of the Gods,Shuffling Jane",,,,"""The 'Reol' Story: Race Authorship and Consciousness in Robert Levy's Reol Productions, 1921-1926""",,,Brogsdale,Walter,,,,,,"Are Working Girls Safe?,A Black and Tan Mix-Up,A Black Sherlock Holmes,The Bully,The Comeback of Barnacle Bill,Dat Blackhand Waitah Man,Devil for a Day,Do the Dead Talk?,Fixing the Faker,The Porters,A Reckless Rover,Shine Johnson and the Rabbit Foot,When Cupid Went Wild,""When You Are Scared, Run"",""When You Hit, Hit Hard"",Wrong All Around,The Janitor ",,,,"""African American Films Through 1959: A Comprehensive, Illustrated Filmography""",,,Brooks,Clarence,,,,,,"The Realization of a Negro's Ambition,A Man's Duty,Absent,By Right of Birth,Arrowsmith,The Law of Nature",,,,Envisioning Freedom: Cinema and the Building of Modern Black Life,,Lincoln Motion Picture Company,Broome,George,,,,,,,A Trip to Tuskegee,A Trip to Tuskegee,,,,,Brown,Kid,,,,,,"The Grafter and the Girl,The Railroad Porter",,,,Uplift Cinema: The Emergence of African American Film and the Possibility of Black Modernity,,,Brown,George Edward,,,,,,"The Sport of the Gods,The Call of His People,The Secret Sorrow,Spitfire,The Schemers",,,,"""The 'Reol' Story: Race Authorship and Consciousness in Robert Levy's Reol Productions, 1921-1926""",,,Brown,Lucille,,,,,,The Sport of the Gods,,,,"""The 'Reol' Story: Race Authorship and Consciousness in Robert Levy's Reol Productions, 1921-1926""",,,Brown,J.C.,,,,"Per Peterson, author of story on which The Secret Story is based. --MP",,,,,,,,,The Secret SorrowBrown,J. Rufus,,,,Author of the story on which Easy Money is based (Peterson). --MP,,,,,,,,,Easy MoneyBrown,Tom,,,,,,Uncle Remus' First Visit to New York,,,,"""African American Films Through 1959: A Comprehensive, Illustrated Filmography""",,,Brown ,R.L.,,,,,,"The Flying Ace,The Green-Eyed Monster,Regeneration,Black Gold",,,,,,,Burris,Jim,,,,,,"The Sport of the Gods,The Symbol of the Unconquered",,,,"""The 'Reol' Story: Race Authorship and Consciousness in Robert Levy's Reol Productions, 1921-1926""",,,Burton-Hyman,Marie,,,,,,The Grafter and the Girl,,,,Uplift Cinema: The Emergence of African American Film and the Possibility of Black Modernity,,,Burwell,Myra,,,,,,"Ten Nights in a Barrooom,Ten Nights in a Bar-Room ",,,,"""African American Films Through 1959: A Comprehensive, Illustrated Filmography""",,,Bush,Anita,,,,,,"The Bull-Dogger,The Crimson Skull",,,,Oscar Micheaux and His Circle,,,Calnek,Roy,,,,,,,"Hearts of the Woods,Ten Nights in a Barrooom,A Prince of His Race,Ten Nights in a Bar-Room ",Smiling Hate,,"""African American Films Through 1959: A Comprehensive, Illustrated Filmography""","A Prince of His Race,Ten Nights in a Barrooom",,Carter,Barrington,Harington Garter,,,,,Thirty Years Later,,,,"""African American Films Through 1959: A Comprehensive, Illustrated Filmography""",,,Chenault,Lawrence,,11/23/1877,,,,"The Burden of Race,Body and Soul,The Bull-Dogger,The Crimson Skull,Within Our Gates,The Scar of Shame,Ten Nights in a Barrooom,The Secret Sorrow,The Schemers,The Sport of the Gods,The Call of His People,Spitfire,Birthright,Children of Fate,The Devil's Disciple,The Brute,The Symbol of the Unconquered,The Gunsaulus Mystery,A Son of Satan,The House Behind the Cedars,The Conjure Woman,A Prince of His Race,Ten Nights in a Bar-Room ",,,,"""""""The burden of race""""""",,,Chester,Slick,,,,,,Temptation,,,,Slow Fade to Black,,,Clark,William H.,,,,,,Chicago's Business Activities and Scenes along State Street/Chicago Businesses and Secret Orders,,,,The Ambitions of William Foster,,,Clayton,William,,,,,,"Smiling Hate,When Men Betray,Ten Nights in a Barrooom,Children of Fate,Easy Street,The Broken Violin,The Wages of Sin,A Prince of His Race,Ten Nights in a Bar-Room ",,,,"""African American Films Through 1959: A Comprehensive, Illustrated Filmography""",,,Clough,Inez,,,,,,"The Secret Sorrow,Ties of Blood,The Simp,Easy Money",,,,"""The 'Reol' Story: Race Authorship and Consciousness in Robert Levy's Reol Productions, 1921-1926""",,,Colvin,George,,,,,,The Flying Ace,,,,,,,Cook,Sam,,,,,,Spitfire,,,,"""The 'Reol' Story: Race Authorship and Consciousness in Robert Levy's Reol Productions, 1921-1926""",,,Cooper,Kinky,,,,,,The Grafter and the Girl,,,,Uplift Cinema: The Emergence of African American Film and the Possibility of Black Modernity,,,Cornick,Walter,,,,,,Body and Soul,,,,,,,Crawford,Sam,,,,,,As the World Rolls On,,,,"""African American Films Through 1959: A Comprehensive, Illustrated Filmography""",,,Criner,J. Lawrence,,,,,,"The Flying Ace,Black Gold,The Millionaire,The Brute",,,,Oscar Micheaux and His Circle,,,Crosby,Orma,,,,,,The Schemers,,,,"""The 'Reol' Story: Race Authorship and Consciousness in Robert Levy's Reol Productions, 1921-1926""",,,Dabney,Ardelle,"Ardella Dabney, Adelle Dabney",,,,,"Thirty Years Later,The Broken Violin,The Wages of Sin",,,,"""African American Films Through 1959: A Comprehensive, Illustrated Filmography""",,,Daniels,Lyons,,,,,,The Flying Ace,,,,Oscar Micheaux and His Circle,,,Davis,A. Porter,Dr. A. Porter Davis,,,,,,The Lure of a Woman,,,Slow Fade to Black,,,Deans,William,,,,,,"When Good Luck Comes Our Way,When Good Luck Comes Our Way",,"When Good Luck Comes Our Way,When Good Luck Comes Our Way",,"""African American Films Through 1959: A Comprehensive, Illustrated Filmography""",,,DeComathiere,A.B.,,11/19/1877,5/18/40,,,"The Brute,Thirty Years Later,Deceit",,,,,,,DeLegge,Boise,,,,,,The Flying Ace,,,,Oscar Micheaux and His Circle,,,Doe,John,,,,,,The Pullman Porter,,,,Envisioning Freedom: Cinema and the Building of Modern Black Life,,,Dones,Sidney P.,,1/1/1888,1/1/47,"Noted as president, Bookertee Film Co., in GPJ Collection, Box 4, folder Bookertee Film Exchange. --MP",,"""The $10,000 Trail"",Reformation,Loyal Hearts",Loyal Hearts,"""The $10,000 Trail""",,"Slow Fade to Black,George P. Johnson Negro Film Collection",,"Bookertee Film Company,Sidney P. Dones",Dorsey,D. A.,,,,,,,,Fighting His Way Thru,,Richard E. Norman and Race Filmmaking,,,Dudley,Sherman,Uncle Dud,,,,,"The Simp,Easy Money,Reckless Money","Easy Money,Reckless Money",Reckless Money,,Slow Fade to Black,,Colored Players Film Corporation of Philadelphia,Dunbar,Louise,,,,,,The Green-Eyed Monster,,,,Oscar Micheaux and His Circle,,,Dunbar,Paul Lawrence,,,,,,,,,,Slow Fade to Black,,,The Sport of the GodsDuncan,Hadley J.,,,,Wrote story on which The Burden of Race is Based (Peterson). --MP,,,,,,"""The 'Reol' Story: Race Authorship and Consciousness in Robert Levy's Reol Productions, 1921-1926""",,,The Burden of RaceDuree,Robert,,,,,,"Are Working Girls Safe?,A Black and Tan Mix-Up,A Black Sherlock Holmes,The Bully,The Comeback of Barnacle Bill,Dat Blackhand Waitah Man,Devil for a Day,Do the Dead Talk?,Fixing the Faker,The Porters,A Reckless Rover,Shine Johnson and the Rabbit Foot,When Cupid Went Wild,""When You Are Scared, Run"",""When You Hit, Hit Hard"",Wrong All Around",,,,"""African American Films Through 1959: A Comprehensive, Illustrated Filmography""",,,Edmondson,William,William Edmundson,,,,,"Thirty Years Later,The Millionaire",,,,"""African American Films Through 1959: A Comprehensive, Illustrated Filmography""",,,Ellis,George W.,,,,,,Chicago's Business Activities and Scenes along State Street/Chicago Businesses and Secret Orders,,,,The Ambitions of William Foster,,,Fetchit,Stepin,,,,,,,,,,Slow Fade to Black,,,Fielding,Romaine,,,,,,From Champion to Tramp,,,,,,,Fish,Albert A.,,,,"""Supervised"" Smiling Hate (Richards).",,,,,,"""African American Films Through 1959: A Comprehensive, Illustrated Filmography""",,,Smiling HateFisher,Isaac,,,,,,,,,,,When True Love Wins,,Folsom,Cora Mae,,,,Concept development,,,,"John Henry at Hampton: A Kind of Student Who Makes Good,The New Era,Making Negro Lives Count,Cephas Returns",,Uplift Cinema: The Emergence of African American Film and the Possibility of Black Modernity,,,Forrest,Edgar,,,,"According to Peterson, he is sometimes named as director of Sport of the Gods, although Vernot is named more frequently. --MP",,,The Sport of the Gods,,,"""The 'Reol' Story: Race Authorship and Consciousness in Robert Levy's Reol Productions, 1921-1926""",,,The Sport of the GodsFoster,William,Juli Jones,,4/19/40,"

",,,"The Barber,The Colored Championship Base Ball Game,8th Regiment Departing for Texas & Relatives of 8th Regiment Troops,Chicago's Business Activities and Scenes along State Street/Chicago Businesses and Secret Orders,Mother,Smile Film of Colored Troops' Folks,YMCA Dedication,Birth Mark,Brother,Florida Crackers,Fool and Fire,A Woman's Worst Enemy","The Barber,The Colored Championship Base Ball Game,8th Regiment Departing for Texas & Relatives of 8th Regiment Troops,Chicago's Business Activities and Scenes along State Street/Chicago Businesses and Secret Orders,Mother,Smile Film of Colored Troops' Folks,YMCA Dedication,Birth Mark,Fool and Fire,A Woman's Worst Enemy,Brother,The Butler,Florida Crackers,A Woman's Worst Enemy",Smile Film of Colored Troops' Folks,Envisioning Freedom: Cinema and the Building of Modern Black Life,The Barber,Foster Photoplay Company,"Black Narcissus,In and Out,Fowl Play,High Toned,Darktown Follies,Honest Crooks"Foster,"Andrew ""Rube""",,,,,,The Colored Championship Base Ball Game,,,,The Ambitions of William Foster,,,Fountaine,William E.,,,,,,"Uncle Jasper's Will,The Dungeon,The Virgin of Seminole",,,,"""African American Films Through 1959: A Comprehensive, Illustrated Filmography""",,,Frisbie,Maud,,,,,,The Love Bug,,,,Oscar Micheaux and His Circle,,,Gaines,Charles,,,,,,Regeneration,,,,Oscar Micheaux and His Circle,,,Gant,Harry,,,,,,,Absent,Absent,"Absent,Tracks,A Day with the Tenth Cavalry at Fort Huachaca,The Heart of A Negro,By Right of Birth,A Man's Duty,The Law of Nature,The Trooper of Company K,The Realization of a Negro's Ambition,By Right of Birth","""African American Films Through 1959: A Comprehensive, Illustrated Filmography""",,,Gibbens,Bessie,,,,,,"The Wages of Sin,When Men Betray",,,,,,,Gibson,Mae,,,,,,Hearts of the Woods,,,,"""African American Films Through 1959: A Comprehensive, Illustrated Filmography""",,,Gilbert,Mercedes,,7/26/1894,3/1/52,Actor,,"Body and Soul,The Call of His People",,,,Uplift Cinema: The Emergence of African American Film and the Possibility of Black Modernity,,,Gilbert,Mercedes,,,,,,The Call of His People,,,,"""The 'Reol' Story: Race Authorship and Consciousness in Robert Levy's Reol Productions, 1921-1926""",,,Gilliam,Allie,,,,,,Uncle Remus' First Visit to New York,,,,"""African American Films Through 1959: A Comprehensive, Illustrated Filmography""",,,Gilpin,Charles,,,,,,"Ten Nights in a Barrooom,The Scar of Shame,A Prince of His Race,Ten Nights in a Bar-Room ",,,,Slow Fade to Black,,,Grady,Lottie,,,,,,"The Grafter and the Girl,The Railroad Porter",,,,Uplift Cinema: The Emergence of African American Film and the Possibility of Black Modernity,,,Grant,H.C.,,,,,,The Wife Hunters,,,,"""African American Films Through 1959: A Comprehensive, Illustrated Filmography""",,,Groner,Louis,,,,,,,,"Ten Nights in a Barrooom,A Prince of His Race,Ten Nights in a Bar-Room ",,"""African American Films Through 1959: A Comprehensive, Illustrated Filmography""",,,Guy-BlachÃ©,Alice,,,,,,,A Fool and His Money,,,,,Solax Film Company,Haddon,Pete,,,,,,"The Bull-Dogger,The Crimson Skull",,,,Oscar Micheaux and His Circle,,,Hall,Lindsay J.,,,,,,The Sport of the Gods,,,,"""The 'Reol' Story: Race Authorship and Consciousness in Robert Levy's Reol Productions, 1921-1926""",,,Hall,Beulah,,,,,,"The Trooper of Company K,The Realization of a Negro's Ambition",,,,"""African American Films Through 1959: A Comprehensive, Illustrated Filmography""",,,Hanson,Robert,,,,"Field (2016): ""(It is not clear who Robert
Hanson was, though he might be the â€œwhite gentlemanâ€ù who reportedly
lent Foster the funds to purchase a moving picture camera.)"" (54).",,,,,,The Ambitions of William Foster,,Foster Photoplay Company,Harper,Billy,,,,,,Uncle Remus' First Visit to New York,,,,"""African American Films Through 1959: A Comprehensive, Illustrated Filmography""",,,Harris,Stella,,,,,,The Barber,,,,The Ambitions of William Foster,,,Harris,Clifford,,,,,,Hearts of the Woods,,,,"""African American Films Through 1959: A Comprehensive, Illustrated Filmography""",,,Harris,Leorine,,,,,,Uncle Remus' First Visit to New York,,,,"""African American Films Through 1959: A Comprehensive, Illustrated Filmography""",,,Harrison,Richard B.,,,,,,"Easy Street,The Grafter and the Girl",,,,Slow Fade to Black,,,Haynes,Hunter,,,,,,,The Tango Queen,The Tango Queen,,Richard E. Norman and Race Filmmaking,,Afro-American Film Company,Henderson,Harry,,,,,,"Smiling Hate,Ten Nights in a Barrooom,Children of Fate,A Prince of His Race,Ten Nights in a Bar-Room ",,,,"""African American Films Through 1959: A Comprehensive, Illustrated Filmography""",,,Holt,Anna,,,,,,The Barber,,,,The Ambitions of William Foster,,,Horn,P. D.,,,,"Bowser et al. does not list him as a cast member of Black Gold, but Lupack does. -- MP",,Black Gold,,,,Richard E. Norman and Race Filmmaking,,,Howard,Shingzie,,,,,,"The House Behind the Cedars,The Scar of Shame,Ten Nights in a Barrooom,Uncle Jasper's Will,Children of Fate,The Dungeon,St. Louis Blues,The Virgin of Seminole,A Son of Satan,A Prince of His Race",,,,"Richard E. Norman and Race Filmmaking,Slow Fade to Black",,,Jacks,Samuel,Sambo Jacks,,,,,"Are Working Girls Safe?,A Black and Tan Mix-Up,A Black Sherlock Holmes,The Bully,The Comeback of Barnacle Bill,Dat Blackhand Waitah Man,Devil for a Day,Do the Dead Talk?,Fixing the Faker,The Porters,Within Our Gates,A Reckless Rover,Shine Johnson and the Rabbit Foot,The Millionaire,When Cupid Went Wild,""When You Are Scared, Run"",""When You Hit, Hit Hard"",Wrong All Around",,,,"""African American Films Through 1959: A Comprehensive, Illustrated Filmography""",,,Jeannette,Joe,,,,,,Square Joe,,,,Slow Fade to Black,,,Johnson,Noble,,4/18/1881,1/9/78,,,"Mr. Carlson of Arizona,From Champion to Tramp,Body and Soul,The Trooper of Company K,The Realization of a Negro's Ambition,The Law of Nature,Tracks","Mr. Carlson of Arizona,The Realization of a Negro's Ambition,The Trooper of Company K",A Man's Duty,,,,Lincoln Motion Picture Company,Johnson,George,,,,,,,The Law of Nature,"The Realization of a Negro's Ambition,The Trooper of Company K,The Law of Nature,A Man's Duty",,,"By Right of Birth,By Right of Birth",,Johnson,Lillian,,,,,,Body and Soul,,,,,,,Johnson,Maud,,,,,,The Love Bug,,,,Oscar Micheaux and His Circle,,,Johnson,William,,,,,,"Ten Nights in a Barrooom,Ten Nights in a Bar-Room ",,,,"""African American Films Through 1959: A Comprehensive, Illustrated Filmography""",,,Johnson,Jack,,,1/1/46,,,"As the World Rolls On,For His Mother's Sake,Black Thunderbolt",,,,"""African American Films Through 1959: A Comprehensive, Illustrated Filmography""",,,Jones,Henry,"Henry ""Teenan"" Jones",,,Financed Foster Photoplay Co. in 1916 (per Field 2016),,,,,,,,Foster Photoplay Company,Jones,Peter P.,,,,,,,"The Slacker,The Troubles of Sambo and Dinah,Colored Soldiers Fighting in Mexico,The Dawn of Truth,Progress of the Negro,Re-Birth of a Nation,The Slaver","The Troubles of Sambo and Dinah,The Slacker,Colored Soldiers Fighting in Mexico,The Dawn of Truth,Progress of the Negro,Re-Birth of a Nation,The Slaver","For the Honor of the 8th Ill. U.S.A.,The Dawn of Truth,Negro Soldiers Fighting for Uncle Sam,The Troubles of Sambo and Dinah,The Slacker",The Ambitions of William Foster,,,Jones,Wesley,,,,,,Uncle Remus' First Visit to New York,,,,"""African American Films Through 1959: A Comprehensive, Illustrated Filmography""",,,Jones,Maud,,,,,,Uncle Remus' First Visit to New York,,,,"""African American Films Through 1959: A Comprehensive, Illustrated Filmography""",,,Jones,Peter P.,,,,,,,,,,,,Peter P. Jones Photoplay Ltd.,Jordan,Sam,,,,,,The Flying Ace,,,,Oscar Micheaux and His Circle,,,Joynes,Elvin,,,,,,The Barber,,,,The Ambitions of William Foster,,,Kelly,Howard,,,,,,The Barber,,,,The Ambitions of William Foster,,,Kelly,Mabel,,,,,,Thirty Years Later,,,,"""African American Films Through 1959: A Comprehensive, Illustrated Filmography""",,,Kemp,Mae,,,,,,The Call of His People,,,,"""The 'Reol' Story: Race Authorship and Consciousness in Robert Levy's Reol Productions, 1921-1926""",,,Langford,Sam,,3/4/1883,1/12/56,,,The Brute,,,,,,,Larkin,George,,,,,,"The Bull-Dogger,The Crimson Skull",,,,Oscar Micheaux and His Circle,,,Lee,Will,,,,,,"Smiling Hate,Steppin' High",,,,"""African American Films Through 1959: A Comprehensive, Illustrated Filmography""",,,Levy,Robert,,,,,,,"The Schemers,Easy Money,The Simp,The Leader of His Race,Ties of Blood,The Eyes of Youth","The Sport of the Gods,Eyes of Youth,The Leader of His Race,Ties of Blood",,Richard E. Norman and Race Filmmaking,,Reol Productions Corporation,Ligouri,Al,,,,,,,,,The Scar of Shame,Slow Fade to Black,,,Lillerson,Edgar,,,,,,The Barber,,,,The Ambitions of William Foster,,,Lillison,Edgar,,,,"Field: ""In The Railroad Porter,
Figure 3.1 Juli Jones, Jr./William Foster (Half-Century, June 1919).
56 Allyson Nadia Field
the wife is seduced by the waiter, â€œa fashionably dressed chapâ€ù who is masquerading
as the proprietor of the Elite CafÃ©.8 The waiter, however, was
played by Edgar Lillison, who was in fact the proprietor of the Elite CafÃ©.9"" (55-56)
",,The Railroad Porter,,,,,,,Lincoln,Rosa Lee,,,,,,Absent,,,,"""African American Films Through 1959: A Comprehensive, Illustrated Filmography""",,,Lucas,Buck,,,,,,The Bull-Dogger,,,,Oscar Micheaux and His Circle,,,Lucas,Charles D.,,,,,,"Within Our Gates,The Homesteader",,,,Slow Fade to Black,,,marsh,,,,,,,,,,,,,,Marshall,John,Colonel John R. Marshall,,,,,Chicago's Business Activities and Scenes along State Street/Chicago Businesses and Secret Orders,,,,The Ambitions of William Foster,,,Marshall,Jimmy,,,,,,Aladdin Jones,,,,,,,Martin,Daisy,,,,,,Spitfire,,,,"""The 'Reol' Story: Race Authorship and Consciousness in Robert Levy's Reol Productions, 1921-1926""",,,Mason,Ruby,,,,,,The Sport of the Gods,,,,"""The 'Reol' Story: Race Authorship and Consciousness in Robert Levy's Reol Productions, 1921-1926""",,,Mason,Julia,,,,,,"Are Working Girls Safe?,A Black and Tan Mix-Up,A Black Sherlock Holmes,The Bully,The Comeback of Barnacle Bill,Dat Blackhand Waitah Man,Devil for a Day,Do the Dead Talk?,Fixing the Faker,The Porters,Shine Johnson and the Rabbit Foot,When Cupid Went Wild,""When You Are Scared, Run"",""When You Hit, Hit Hard"",Wrong All Around",,,,"""African American Films Through 1959: A Comprehensive, Illustrated Filmography""",,,Massey,P.,,,,,,The Wife Hunters,,,,"""African American Films Through 1959: A Comprehensive, Illustrated Filmography""",,,Maurice,Richard Danal,,,,,,"Eleven P.M.,Nobody's Children","Eleven P.M.,Return of Black Hawk","Eleven P.M.,Return of Black Hawk",,,,,Maxwell,M.C.,,,,,,Regeneration,,,,Oscar Micheaux and His Circle,,,Mayo,Stella,,,,,,Regeneration,,,,Oscar Micheaux and His Circle,,,McClain,Florence,,,,,,Aladdin Jones,,,,,,,McGuire,Lawrence,,,,,,Hearts of the Woods,,,,"""African American Films Through 1959: A Comprehensive, Illustrated Filmography""",,,Micheaux,Oscar,,1/1/1884,,,,,"The Wages of Sin,The Gunsaulus Mystery,The Brute,Easy Street,When Men Betray,Uncle Jasper's Will,Thirty Years Later,Birthright,Body and Soul,The Broken Violin,The Conjure Woman,A Daughter of the Congo,Deceit,The Devil's Disciple,The Dungeon,The Homesteader,Within Our Gates,The Symbol of the Unconquered,The Virgin of Seminole,A Son of Satan,The House Behind the Cedars,Marcus Garland","The Wages of Sin,The Millionaire,The Brute,When Men Betray,Uncle Jasper's Will,Thirty Years Later,Birthright,Body and Soul,The Broken Violin,The Conjure Woman,Deceit,The Devil's Disciple,The Dungeon,The Homesteader,Within Our Gates,The Symbol of the Unconquered,The Virgin of Seminole,A Son of Satan,The House Behind the Cedars,Marcus Garland",,,"The Homesteader,The Broken Violin,The Dungeon,Within Our Gates,The Symbol of the Unconquered,The Virgin of Seminole,Birthright,A Son of Satan,The House Behind the Cedars,The Devil's Disciple,The Conjure Woman,The Millionaire,Thirty Years Later,When Men Betray,Easy Street,Marcus Garland",Micheaux Film Corporation,Mickey,Arline,,,,,,"Ten Nights in a Barrooom,Children of Fate,A Prince of His Race,Ten Nights in a Bar-Room ",,,,"""African American Films Through 1959: A Comprehensive, Illustrated Filmography""",,,Mills,Billy,,,,,,The Love Bug,,,,Oscar Micheaux and His Circle,,,Mills,Jerry,,,,,,The Grafter and the Girl,,,,The Ambitions of William Foster,The Grafter and the Girl,,Milton,William,,,,,,Smiling Hate,,,,"""African American Films Through 1959: A Comprehensive, Illustrated Filmography""",,,Miner,Leigh Richmond,,1/1/1864,1/1/35,,,,,"Making Negro Lives Count,John Henry at Hampton: A Kind of Student Who Makes Good,The New Era,Cephas Returns",John Henry at Hampton: A Kind of Student Who Makes Good,Uplift Cinema: The Emergence of African American Film and the Possibility of Black Modernity,,,Mitchell,Abbie,,,,,,"Eyes of Youth,Uncle Remus' First Visit to New York,The Eyes of Youth",,,,"""The 'Reol' Story: Race Authorship and Consciousness in Robert Levy's Reol Productions, 1921-1926""",,,Monagas,Lionel,,,,,,The Millionaire,,,,Slow Fade to Black,,,Montgomery,Frank,,,,,,Aladdin Jones,,,,,,,Moore,W.H.A.,,,,,,,,,,The Ambitions of William Foster,The Fall Guy,,Moore,Edward,,,,,,"Ten Nights in a Barrooom,Ten Nights in a Bar-Room ",,,,"""African American Films Through 1959: A Comprehensive, Illustrated Filmography""",,,Morris,Webb,,,,,,,,Unknown (Jesus as a man of color),,Envisioning Freedom: Cinema and the Building of Modern Black Life,,,Morton,Edna,,,,,,"The Secret Sorrow,Spitfire,The Schemers,The Sport of the Gods,The Jazz Hounds,The Call of His People,The Burden of Race,The Simp,Easy Money,Uncle Remus' First Visit to New York,A Son of Satan",,,,"""The 'Reol' Story: Race Authorship and Consciousness in Robert Levy's Reol Productions, 1921-1926""",,,Moses,Lucia Lynn,,,,,,The Scar of Shame,,,,Slow Fade to Black,,,Moses,Ethel,,,,,,Temptation,,,,Slow Fade to Black,,,Murphy,Bert,,,,,,"Are Working Girls Safe?,Aladdin Jones,A Black and Tan Mix-Up,A Black Sherlock Holmes,The Bully,The Comeback of Barnacle Bill,Dat Blackhand Waitah Man,Devil for a Day,Do the Dead Talk?,Fixing the Faker,The Porters,A Reckless Rover,Shine Johnson and the Rabbit Foot,When Cupid Went Wild,""When You Are Scared, Run"",""When You Hit, Hit Hard"",Wrong All Around",,,,"""African American Films Through 1959: A Comprehensive, Illustrated Filmography""",,,Muse,Clarence,,,,Producer (per Caddoo),,The Custard Nine,,,,Envisioning Freedom: Cinema and the Building of Modern Black Life,The Sport of the Gods,,Noisette,Katherine,,,4/16/35,,,"The Wages of Sin,A Daughter of the Congo,When Men Betray",,,,,,,Norcom,Alfred,,,,,,"Regeneration,Black Gold",,,,Oscar Micheaux and His Circle,,,Norman,Richard E.,,7/13/1891,11/7/60,"Producer, Director",,,"Black Gold,The Flying Ace,Regeneration,The Crimson Skull,The Bull-Dogger,The Love Bug","The Flying Ace,The Love Bug,The Crimson Skull,The Bull-Dogger,Black Gold,Regeneration",,"Uplift Cinema: The Emergence of African American Film and the Possibility of Black Modernity,Richard E. Norman and Race Filmmaking",,Norman Film Manufacturing Company,Offeman,Emil,,,,"Shareholder in Reol Productions, per Peterson. --MP",,,,,,"""The 'Reol' Story: Race Authorship and Consciousness in Robert Levy's Reol Productions, 1921-1926""",,Reol Productions Corporation,Owens,Virgel,Virgil Owens,,,,,Absent,,,,"""African American Films Through 1959: A Comprehensive, Illustrated Filmography""",,,Peregini,Frank,,,,,,,The Scar of Shame,,,Slow Fade to Black,,,Pickett,Bill,,,,,,"The Bull-Dogger,The Crimson Skull",,,,Oscar Micheaux and His Circle,,,Pierson,Don,,,,,,Hearts of the Woods,,,,"""African American Films Through 1959: A Comprehensive, Illustrated Filmography""",,,Platts,Harold,,,,,,The Flying Ace,,,,Oscar Micheaux and His Circle,,,Pleasants,Henry,Henry Pleasant,,,,,"The Secret Sorrow,Ties of Blood",,,,"""The 'Reol' Story: Race Authorship and Consciousness in Robert Levy's Reol Productions, 1921-1926""",,,Pollard,R.L.,,,,"The African American ""front man"" for Ebony Productions, per Peterson. --MP",,,,,,,,Ebony Film Corporation,Pollard,Frank,,,,,,"A Black and Tan Mix-Up,A Black Sherlock Holmes,The Porters,A Reckless Rover,Shine Johnson and the Rabbit Foot,When Cupid Went Wild,""When You Are Scared, Run"",""When You Hit, Hit Hard"",Wrong All Around,The Janitor ",,,,"""African American Films Through 1959: A Comprehensive, Illustrated Filmography""",,,Preer,Evelyn,,8/16/1896,11/27/32,,,"The Brute,Within Our Gates,Birthright,Brown Gravy,The Conjure Woman,Deceit,The Devil's Disciple,The Dungeon,The Homesteader,The Gunsaulus Mystery,Spider's Web",,,,,,,Price,Mildred,,,,,,"Are Working Girls Safe?,A Black and Tan Mix-Up,A Black Sherlock Holmes,The Bully,The Comeback of Barnacle Bill,Dat Blackhand Waitah Man,Devil for a Day,Do the Dead Talk?,Fixing the Faker,The Porters,A Reckless Rover,Shine Johnson and the Rabbit Foot,When Cupid Went Wild,""When You Are Scared, Run"",""When You Hit, Hit Hard"",Wrong All Around,The Janitor ",,,,"""African American Films Through 1959: A Comprehensive, Illustrated Filmography""",,,Pryor,H.L.,,,,,,Easy Money,,,,"""The 'Reol' Story: Race Authorship and Consciousness in Robert Levy's Reol Productions, 1921-1926""",,,Purty,Jessie,,,,,,The Wife Hunters,,,,"""African American Films Through 1959: A Comprehensive, Illustrated Filmography""",,,Ray,Arthur,,,,,,"Ties of Blood,The Burden of Race,Thirty Years Later",,,,"""The 'Reol' Story: Race Authorship and Consciousness in Robert Levy's Reol Productions, 1921-1926""",,,Reed,George,,,,,,Absent,,,,"""African American Films Through 1959: A Comprehensive, Illustrated Filmography""",,,Reiger,Arthur C.,,,,"Shareholder in Reol Productions, per Peterson. --MP",,,,,,"""The 'Reol' Story: Race Authorship and Consciousness in Robert Levy's Reol Productions, 1921-1926""",,Reol Productions Corporation,Reynolds,Steve,,,,,,"The Flying Ace,The Green-Eyed Monster,The Bull-Dogger,The Crimson Skull,Regeneration,Black Gold",,,,,,,Rice,Versia,,,,,,As the World Rolls On,,,,"""African American Films Through 1959: A Comprehensive, Illustrated Filmography""",,,Robeson,Paul,,,,,,Body and Soul,,,,Envisioning Freedom: Cinema and the Building of Modern Black Life,,,Robinson,Mademe,Mme. Robinson,,,,,"Body and Soul,Spitfire,Thirty Years Later,A Daughter of the Congo",,,,,,,Robinson,Bill,"Bill ""Bojangles"" Robinson",,,,,"Chicago's Business Activities and Scenes along State Street/Chicago Businesses and Secret Orders,Hello Bill",,,,The Ambitions of William Foster,,,Robinson,Arthur,,,,,,Spitfire,,,,"""The 'Reol' Story: Race Authorship and Consciousness in Robert Levy's Reol Productions, 1921-1926""",,,Robinson,Sam,,,,,,"Are Working Girls Safe?,A Black and Tan Mix-Up,A Black Sherlock Holmes,The Bully,The Comeback of Barnacle Bill,Dat Blackhand Waitah Man,Devil for a Day,Do the Dead Talk?,Fixing the Faker,The Porters,A Reckless Rover,Shine Johnson and the Rabbit Foot,When Cupid Went Wild,""When You Are Scared, Run"",""When You Hit, Hit Hard"",Wrong All Around,The Janitor ",,,,"""African American Films Through 1959: A Comprehensive, Illustrated Filmography""",,George M. Lewis Stock Compay,Robinson,James,,,,,,Tenderfeet,,,,"""African American Films Through 1959: A Comprehensive, Illustrated Filmography""",,,Rogers,Marshall,,,,,,Body and Soul,,,,,,,Rogers,Hilda,,,,,,Temptation,,,,Slow Fade to Black,,,Rucker,Clarence,,,,,,Regeneration,,,,Oscar Micheaux and His Circle,,,Russell,Julia Theresa,,,,,,Body and Soul,,,,Envisioning Freedom: Cinema and the Building of Modern Black Life,,,Russell,Alice B.,,6/30/1892,12/1/84,,,"The Wages of Sin,When Men Betray,The Broken Violin,A Daughter of the Congo,Easy Street",,,,,,,Russell,James,,,,,,A Fool and His Money,,,,,,,Scott,Emmett J.,,,,,,,,The Birth of a Race,,Richard E. Norman and Race Filmmaking,,,Scraggins,Traverse,,,,,,,,,,Slow Fade to Black,,Frederick Douglass Film Company,Selby,J.G.,,,,,,The Wife Hunters,,,,,,,Shackeford,Floyd,,,,,,Absent,,,,"""African American Films Through 1959: A Comprehensive, Illustrated Filmography""",,,Shannon,Alex K.,,,,,,"The Simp,Easy Money",,,,"""The 'Reol' Story: Race Authorship and Consciousness in Robert Levy's Reol Productions, 1921-1926""",,,Shoecraft,Joseph,,,,,,,,,,,,Foster Photoplay Company,Simpson,Walter,,,,,,As the World Rolls On,,,,"""African American Films Through 1959: A Comprehensive, Illustrated Filmography""",,,Skekeeter,Evon,,,,,,"Are Working Girls Safe?,A Black and Tan Mix-Up,A Black Sherlock Holmes,The Bully,The Comeback of Barnacle Bill,Dat Blackhand Waitah Man,Devil for a Day,Do the Dead Talk?,Fixing the Faker,The Porters,A Reckless Rover,Shine Johnson and the Rabbit Foot,When Cupid Went Wild,""When You Are Scared, Run"",""When You Hit, Hit Hard"",Wrong All Around,The Janitor ",,,,"""African American Films Through 1959: A Comprehensive, Illustrated Filmography""",,,Slater,Bob,,,,,,"Spitfire,The Schemers",,,,"""The 'Reol' Story: Race Authorship and Consciousness in Robert Levy's Reol Productions, 1921-1926""",,,Slaughter,Cassie Butch,,,,,,The Railroad Porter,,,,Uplift Cinema: The Emergence of African American Film and the Possibility of Black Modernity,,,Smith,James Thomas,,,,,,,,,,Envisioning Freedom: Cinema and the Building of Modern Black Life,,Lincoln Motion Picture Company,Smith,Ethel,,,,,,"The Wages of Sin,Smiling Hate,When Men Betray,Ten Nights in a Barrooom,The Broken Violin,A Prince of His Race,Ten Nights in a Bar-Room ",,,,,,,Smith,A.W.,Dr. A. W. Smith,,,,,,,,,Richard E. Norman and Race Filmmaking,,Frederick Douglass Film Company,Smith,Grace,Grace Smythe,,,,,The Millionaire,,,,Slow Fade to Black,,,Smith,Speedy,,,,,,"Spitfire,Sam and the Bully",,,,"""The 'Reol' Story: Race Authorship and Consciousness in Robert Levy's Reol Productions, 1921-1926""",,,Smith,Jimmie,,,,,,The Trooper of Company K,,,,"""African American Films Through 1959: A Comprehensive, Illustrated Filmography""",,,Snelson,Gertrude,,,,,,"The Wages of Sin,When Men Betray,Thirty Years Later,The Broken Violin,A Daughter of the Congo",,,,,,,Snowden,Carolynne,,,,,,,,,,Slow Fade to Black,,,Starkman,David,,,,,,,,"Ten Nights in a Barrooom,Children of Fate,A Prince of His Race,Ten Nights in a Bar-Room ",,Richard E. Norman and Race Filmmaking,The Scar of Shame,Colored Players Film Corporation of Philadelphia,Starks,Will,,,,,,"Are Working Girls Safe?,A Black and Tan Mix-Up,A Black Sherlock Holmes,The Bully,The Comeback of Barnacle Bill,Dat Blackhand Waitah Man,Devil for a Day,Do the Dead Talk?,Fixing the Faker,The Porters,Within Our Gates,A Reckless Rover,Shine Johnson and the Rabbit Foot,When Cupid Went Wild,""When You Are Scared, Run"",""When You Hit, Hit Hard"",Wrong All Around,The Janitor ",,,,"""African American Films Through 1959: A Comprehensive, Illustrated Filmography""",,,Stern,Ernest,,,,,,,The Witching Eyes,The Witching Eyes,,"""Within Our Gates: Ethnicity in American Feature Films, 1911-1960""",The Witching Eyes,,Steven,James,,,,,,The Call of His People,,,,"""The 'Reol' Story: Race Authorship and Consciousness in Robert Levy's Reol Productions, 1921-1926""",,,Stevens,V.,,,,,,The Wife Hunters,,,,"""African American Films Through 1959: A Comprehensive, Illustrated Filmography""",,,Stewart,Robert,,,,,,The Love Bug,,,,Oscar Micheaux and His Circle,,,Strasser,Ben,,,,,,,His Great Chance,A Shot in the Night,,Slow Fade to Black,,Ben Strasser,Sul-Te-Wan,Madame,Nellie Wan,3/7/1873,2/1/59,,,,,,,"Slow Fade to Black,""African American Actresses: The Struggle for Visibility, 1900-1960""",,,Talley,Josephine,,,,,,Smiling Hate,,,,"""African American Films Through 1959: A Comprehensive, Illustrated Filmography""",,,Tatums,Marshal L.B.,,,,,,Black Gold,,,,Oscar Micheaux and His Circle,,,Thomas,Walter,,,,,,"The Sport of the Gods,The Schemers",,,,"""The 'Reol' Story: Race Authorship and Consciousness in Robert Levy's Reol Productions, 1921-1926""",,,Thomas,Reed,,,,,,As the World Rolls On,,,,"""African American Films Through 1959: A Comprehensive, Illustrated Filmography""",,,Thompson,Blanche,Blanch Thompson,,,,,"As the World Rolls On,The Dungeon",,,,"""African American Films Through 1959: A Comprehensive, Illustrated Filmography""",,,Townsend,Edward,,,,,,The Wife Hunters,,,,"""African American Films Through 1959: A Comprehensive, Illustrated Filmography""",,,Tucker,Lorenzo,,6/27/07,8/19/86,,,"The Wages of Sin,Temptation,The Witching Eyes,When Men Betray,A Daughter of the Congo,Easy Street",,,,"""African American Films Through 1959: A Comprehensive, Illustrated Filmography""",,,Turpin,Bennie,,,,,,The Bull-Dogger,,,,Oscar Micheaux and His Circle,,,Turpin,Charles H.,,,,,,,Turpin's Real Reels,Pythian Parade and 19th Biannual Encampment,,"""African American Films Through 1959: A Comprehensive, Illustrated Filmography""",,,Ujiffy,Ray,,,,,,,,,,"""African American Films Through 1959: A Comprehensive, Illustrated Filmography""",Smiling Hate,,Vernot,Henry J.,,,,,,,The Sport of the Gods,,,"""The 'Reol' Story: Race Authorship and Consciousness in Robert Levy's Reol Productions, 1921-1926""",,,Verwayen,Percy,Percy Verwayn,,,,,"The Secret Sorrow,The Call of His People,The Burden of Race,The Simp,Easy Money,Body and Soul,The Conjure Woman,A Daughter of the Congo,The Devil's Disciple",,,,"""The 'Reol' Story: Race Authorship and Consciousness in Robert Levy's Reol Productions, 1921-1926""",,,Walpole,Stanley,,,,,,The Sport of the Gods,,,,"""The 'Reol' Story: Race Authorship and Consciousness in Robert Levy's Reol Productions, 1921-1926""",,,Walton,J.T.,,,,,,The Wife Hunters,,,,"""African American Films Through 1959: A Comprehensive, Illustrated Filmography""",,,Washington,Booker T.,,,,,,A Trip to Tuskegee,,,,,,,Washington,Mildred,,,,,,Tenderfeet,,,,"""African American Films Through 1959: A Comprehensive, Illustrated Filmography""",,,Washington,Flora,,,,,,Tenderfeet,,,,"""African American Films Through 1959: A Comprehensive, Illustrated Filmography""",,,Weber,Rex,,,,,,,Smile Film of Colored Troops' Folks,,Smile Film of Colored Troops' Folks,The Ambitions of William Foster,,,Smile Film of Colored Troops' FolksWhite,Bob,,,,,,The Wife Hunters,,,,"""African American Films Through 1959: A Comprehensive, Illustrated Filmography""",,,Whitney,Salem Tut,,,,,,"The Witching Eyes,Birthright,A Daughter of the Congo",,,,"""African American Films Through 1959: A Comprehensive, Illustrated Filmography""",,,Williams,Spencer,,1/1/1893,1/1/69,,,"Tenderfeet,Brown Gravy",Tenderfeet,Tenderfeet,,Uplift Cinema: The Emergence of African American Film and the Possibility of Black Modernity,Brown Gravy,,Williams,Elizabeth,,,,,,The Burden of Race,,,,"""The 'Reol' Story: Race Authorship and Consciousness in Robert Levy's Reol Productions, 1921-1926""",,,Williams,Ed,,,,,,Spitfire,,,,"""The 'Reol' Story: Race Authorship and Consciousness in Robert Levy's Reol Productions, 1921-1926""",,,Williams,Leon,,,,,,Uncle Remus' First Visit to New York,,,,"""African American Films Through 1959: A Comprehensive, Illustrated Filmography""",,,Williams,Ruth,,,,,,Thirty Years Later,,,,"""African American Films Through 1959: A Comprehensive, Illustrated Filmography""",,,Woodson,J. H.,,,,,,The Secret Sorrow,,,,"""The 'Reol' Story: Race Authorship and Consciousness in Robert Levy's Reol Productions, 1921-1926""",,,Young,Mabel,,,,,,"The Burden of Race,Spitfire,Deceit,The Gunsaulus Mystery",,,,"""The 'Reol' Story: Race Authorship and Consciousness in Robert Levy's Reol Productions, 1921-1926""",,,Lewis,Edgar,,,,,,,,The Bar Sinister,,"""African American Films Through 1959: A Comprehensive, Illustrated Filmography""",,,Coleman,Bessie,,,,,,"Bessie Coleman,Bessie Coleman",,,,"""African American Films Through 1959: A Comprehensive, Illustrated Filmography""",,,Noble,John W.,,,,,,,The Birth of a Race,,,"""African American Films Through 1959: A Comprehensive, Illustrated Filmography""",,,Tutt,Homer J.,J. Homer Tutt,,,,,"Birthright,The Broken Violin",,,,"""African American Films Through 1959: A Comprehensive, Illustrated Filmography""",,,Mines,Callie,,,,,,Birthright,,,,"""African American Films Through 1959: A Comprehensive, Illustrated Filmography""",,,Tatum,E.G.,Edward Tatum,,,,,"Birthright,Body and Soul,The Custard Nine,Within Our Gates,The Brute,The Symbol of the Unconquered,The Gunsaulus Mystery,A Son of Satan,The Millionaire",,,,"""African American Films Through 1959: A Comprehensive, Illustrated Filmography""",,,Elkas,Edward,Ed Elkins,,,"In record for Birthright in Richards, this actor is listed as Edward Elkas. In Musser et al.'s Micheaux filmography, he's listed as Ed Elkins. --MP",,Birthright,,,,"""African American Films Through 1959: A Comprehensive, Illustrated Filmography"",Oscar Micheaux and His Circle",,,Sewall,Alma,Alma Sewell,,,,,"Birthright,The Conjure Woman",,,,"""African American Films Through 1959: A Comprehensive, Illustrated Filmography""",,,Crowell,T.C.,,,,,,Birthright,,,,"""African American Films Through 1959: A Comprehensive, Illustrated Filmography""",,,Phillips,R.G.,,,,,,,A Black Sherlock Holmes,,,"""African American Films Through 1959: A Comprehensive, Illustrated Filmography""",,,Russell,Julia Theresa,,,,,,Body and Soul,,,,"""African American Films Through 1959: A Comprehensive, Illustrated Filmography""",,,Foster,Daisy,,,,,,The Broken Violin,,,,"""African American Films Through 1959: A Comprehensive, Illustrated Filmography""",,,Horne,Boots,Boots Hope,,,"Name given as Boots Hope in Musser et al.'s Micheaux filmography, in Bowser et al., Oscar Micheaux and His Circle. Given as Boots Horne in Richards. --MP",,The Broken Violin,,,,"""African American Films Through 1959: A Comprehensive, Illustrated Filmography""",,,Hill,W.,Pickaninny Hill,,,,,The Broken Violin,,,,"""African American Films Through 1959: A Comprehensive, Illustrated Filmography""",,,Thompson,Edward,Eddie Thompson,,,,,"Brown Gravy,The Devil's Disciple,Spider's Web",,,,"""African American Films Through 1959: A Comprehensive, Illustrated Filmography""",,,Christie,Al,,,,,,,,"Brown Gravy,Roll Along",,"""African American Films Through 1959: A Comprehensive, Illustrated Filmography""",,,Sutton,Susie,,,,,,The Brute,,,,"""African American Films Through 1959: A Comprehensive, Illustrated Filmography""",,,Thompson,Anita,,,,,,By Right of Birth,,,,"""African American Films Through 1959: A Comprehensive, Illustrated Filmography""",,,King,Webb,,,,,,By Right of Birth,,,,"""African American Films Through 1959: A Comprehensive, Illustrated Filmography""",,,Bates,Lester,,,,,,By Right of Birth,,,,"""African American Films Through 1959: A Comprehensive, Illustrated Filmography""",,,Meehan,Lew,,,,,,By Right of Birth,,,,"""African American Films Through 1959: A Comprehensive, Illustrated Filmography""",,,Ellenwood,Grace,,,,,,By Right of Birth,,,,"""African American Films Through 1959: A Comprehensive, Illustrated Filmography""",,,Kinbrough,Baby Ruth,,,,,,By Right of Birth,,,,"""African American Films Through 1959: A Comprehensive, Illustrated Filmography""",,,Childers,Helen,,,,,,By Right of Birth,,,,"""African American Films Through 1959: A Comprehensive, Illustrated Filmography""",,,George,Beatrice,,,,,,By Right of Birth,,,,"""African American Films Through 1959: A Comprehensive, Illustrated Filmography""",,,Prevost,Minnie,,,,,,By Right of Birth,,,,"""African American Films Through 1959: A Comprehensive, Illustrated Filmography""",,,Bates,Leo,,,,,,By Right of Birth,,,,"""African American Films Through 1959: A Comprehensive, Illustrated Filmography""",,,Mitchell,Dora,,,,,,By Right of Birth,,,,"""African American Films Through 1959: A Comprehensive, Illustrated Filmography""",,,Brower,Aubrey,,,,,,,,,,"""African American Films Through 1959: A Comprehensive, Illustrated Filmography""",The Call of His People,,Jackson,Alonzo,,,,,,Children of Fate,,,,"""African American Films Through 1959: A Comprehensive, Illustrated Filmography""",,,Parker,Fred,,,,,,A Chocolate Cowboy,,,,"""African American Films Through 1959: A Comprehensive, Illustrated Filmography""",,,Reavis,Teddy,,,,,,A Chocolate Cowboy,,,,"""African American Films Through 1959: A Comprehensive, Illustrated Filmography""",,,Blake,Eubie,,,,,,"Chocolate Dandies,Sissle and Blake,Sissle and Blake",Snappy Tunes,,,"""African American Films Through 1959: A Comprehensive, Illustrated Filmography""",,,Sissle,Noble,,,,,,"Chocolate Dandies,Sissle and Blake,Sissle and Blake",Snappy Tunes,,,"""African American Films Through 1959: A Comprehensive, Illustrated Filmography""",,,Europe,James Reese,,,,,,Clef Club Five Minutes for Train,,,,"""African American Films Through 1959: A Comprehensive, Illustrated Filmography""",,,Mosley,Thomas M.,,,,,,The Colored American Wining His Suit,,,,"""African American Films Through 1959: A Comprehensive, Illustrated Filmography""",,,Askins,Ida,,,,,,The Colored American Wining His Suit,,,,"""African American Films Through 1959: A Comprehensive, Illustrated Filmography""",,,Snead,Florence,,,,,,The Colored American Wining His Suit,,,,"""African American Films Through 1959: A Comprehensive, Illustrated Filmography""",,,Davis,Marshall,,,,,,The Colored American Wining His Suit,,,,"""African American Films Through 1959: A Comprehensive, Illustrated Filmography""",,,King,F.,,,,,,The Colored American Wining His Suit,,,,"""African American Films Through 1959: A Comprehensive, Illustrated Filmography""",,,Leighton,Fred,,,,,,The Colored American Wining His Suit,,,,"""African American Films Through 1959: A Comprehensive, Illustrated Filmography""",,,Snead,Edgar,,,,,,The Colored American Wining His Suit,,,,"""African American Films Through 1959: A Comprehensive, Illustrated Filmography""",,,Snead,Mrs. E.,,,,,,The Colored American Wining His Suit,,,,"""African American Films Through 1959: A Comprehensive, Illustrated Filmography""",,,Fullen,Louise,,,,,,Come Back,,,,"""African American Films Through 1959: A Comprehensive, Illustrated Filmography""",,,Nolan,K.D.,,,,,,Come Back,,,,"""African American Films Through 1959: A Comprehensive, Illustrated Filmography""",,,Ray,Ellen,,,,,,Come Back,,,,"""African American Films Through 1959: A Comprehensive, Illustrated Filmography""",,,Watson,Ethel,,,,,,Come Back,,,,"""African American Films Through 1959: A Comprehensive, Illustrated Filmography""",,,Price,Victor,,,,,,Come Back,,,,"""African American Films Through 1959: A Comprehensive, Illustrated Filmography""",,,Whipper,Leigh,"Lee Whipper, Lee Whipple",,,,,The Symbol of the Unconquered,"A Regeneration of Souls,Renissance Newsreel","Come Back,A Regeneration of Souls,Renissance Newsreel",,"""African American Films Through 1959: A Comprehensive, Illustrated Filmography""",,,Chestnutt,Charles,,,,"Author of novel on which The Conjure Woman was based. --MP

Author of ""Behind the Hills,"" story on which Deceit was based. --MP",,,,,,"""African American Films Through 1959: A Comprehensive, Illustrated Filmography""",,,"The Conjure Woman,Deceit"Custard,Virgil,,,,,,The Custard Nine,,,,"""African American Films Through 1959: A Comprehensive, Illustrated Filmography""",,,Criddle,Baltimore,,,,,,The Custard Nine,,,,"""African American Films Through 1959: A Comprehensive, Illustrated Filmography""",,,Jenkins,Wesley,,,,,,The Custard Nine,,,,"""African American Films Through 1959: A Comprehensive, Illustrated Filmography""",,,Fletcher,Tom,,,,,,The Custard Nine,,,,"""African American Films Through 1959: A Comprehensive, Illustrated Filmography""",,,Haywood,Ginn,,,,,,,The Custard Nine,,,"""African American Films Through 1959: A Comprehensive, Illustrated Filmography""",,,Byron,Lillian,,,,,,Dark and Cloudy,,,,"""African American Films Through 1959: A Comprehensive, Illustrated Filmography""",,,Ovey,George,,,,,,Dark and Cloudy,,,,"""African American Films Through 1959: A Comprehensive, Illustrated Filmography""",,,Williams,Bert,,,,,,"Darktown Jubilee,Fish",,,,"""African American Films Through 1959: A Comprehensive, Illustrated Filmography""",,,Byrd,Joe,,,,,,A Daughter of the Congo,,,,"""African American Films Through 1959: A Comprehensive, Illustrated Filmography""",,,Williams,Willhelmina,,,,,,A Daughter of the Congo,,,,"""African American Films Through 1959: A Comprehensive, Illustrated Filmography""",,,Redd,Clarence,,,,,,A Daughter of the Congo,,,,"""African American Films Through 1959: A Comprehensive, Illustrated Filmography""",,,Irving,Roland,,,,,,A Daughter of the Congo,,,,"""African American Films Through 1959: A Comprehensive, Illustrated Filmography""",,,Moore,Charles,,,,,,"A Daughter of the Congo,The Homesteader",,,,"""African American Films Through 1959: A Comprehensive, Illustrated Filmography""",,,Guilford,Willor Lee,,,,,,"A Daughter of the Congo,Easy Street",,,,"""African American Films Through 1959: A Comprehensive, Illustrated Filmography""",,,Wilson,Speedy,,,,,,A Daughter of the Congo,,,,"""African American Films Through 1959: A Comprehensive, Illustrated Filmography""",,,Harding,Daisy,,,,,,A Daughter of the Congo,,,,"""African American Films Through 1959: A Comprehensive, Illustrated Filmography""",,,Dawson,Rudolph,,,,,,A Daughter of the Congo,,,,"""African American Films Through 1959: A Comprehensive, Illustrated Filmography""",,,Burton,Russell A.,,,,,,,,"A Daughter of the Congo,Easy Street",,"""African American Films Through 1959: A Comprehensive, Illustrated Filmography""",,,Truate,A.B.,,,,,,A Day in the Nation's Capital,,,,"""African American Films Through 1959: A Comprehensive, Illustrated Filmography""",,,Clifford,J. Williams,Lieut. J. Williams Clifford,,,,,,,A Day in the Nation's Capital,,"""African American Films Through 1959: A Comprehensive, Illustrated Filmography""",,,Anderson,Ida,,,,,,"Deceit,A Son of Satan",,,,"""African American Films Through 1959: A Comprehensive, Illustrated Filmography""",,,Desmond,Cleo,,,,,,"Deceit,The Millionaire",,,,"""African American Films Through 1959: A Comprehensive, Illustrated Filmography""",,,Lucas,George,,,,,,Deceit,,,,"""African American Films Through 1959: A Comprehensive, Illustrated Filmography""",,,Johnstone,Norman,,,,,,Deceit,,,,"""African American Films Through 1959: A Comprehensive, Illustrated Filmography""",,,Watkins,Mary,,,,,,Deceit,,,,"""African American Films Through 1959: A Comprehensive, Illustrated Filmography""",,,De Bulger,Louis,Louis DeBulger,,,,,"Deceit,The Gunsaulus Mystery",,,,"""African American Films Through 1959: A Comprehensive, Illustrated Filmography""",,,Watkins,Cornelious,,,,,,Deceit,,,,"""African American Films Through 1959: A Comprehensive, Illustrated Filmography""",,,Miller,Mrs. Irvin C.,,,,,,Deceit,,,,"""African American Films Through 1959: A Comprehensive, Illustrated Filmography""",,,McGowan,Ira O.,,,,,,Deceit,,,,"""African American Films Through 1959: A Comprehensive, Illustrated Filmography""",,,Schooler,Lewis,,,,,,"Deceit,The Brute",,,,"""African American Films Through 1959: A Comprehensive, Illustrated Filmography""",,,Brown,Jerry,,,,,,Deceit,,,,"""African American Films Through 1959: A Comprehensive, Illustrated Filmography""",,,Carey,James,,,,,,Deceit,,,,"""African American Films Through 1959: A Comprehensive, Illustrated Filmography""",,,Miles,Viola,,,,,,Deceit,,,,"""African American Films Through 1959: A Comprehensive, Illustrated Filmography""",,,Brown,N.,,,,,,Deceit,,,,"""African American Films Through 1959: A Comprehensive, Illustrated Filmography""",,,Coldwell,J.,,,,,,Deceit,,,,"""African American Films Through 1959: A Comprehensive, Illustrated Filmography""",,,Sandifer,F.,,,,,,Deceit,,,,"""African American Films Through 1959: A Comprehensive, Illustrated Filmography""",,,Billings,Jesse R.,,,,,,Deceit,,,,"""African American Films Through 1959: A Comprehensive, Illustrated Filmography""",,,Dixon,Allen D.,,,,,,Deceit,,,,"""African American Films Through 1959: A Comprehensive, Illustrated Filmography""",,,Galezio,Leonard,,,,,,Deceit,,,,"""African American Films Through 1959: A Comprehensive, Illustrated Filmography""",,,Peterson,William,,,,,,Deceit,,,,"""African American Films Through 1959: A Comprehensive, Illustrated Filmography""",,,Carey,Sadie,,,,,,Deceit,,,,"""African American Films Through 1959: A Comprehensive, Illustrated Filmography""",,,Henry,Milton,,,,,,Deceit,,,,"""African American Films Through 1959: A Comprehensive, Illustrated Filmography""",,,Long,Walter,,,,"GPJ Collection, Box 19, His Great Chance Folder. --MP",,"The Devil's Match,His Great Chance,A Shot in the Night",,,,"""African American Films Through 1959: A Comprehensive, Illustrated Filmography"",George P. Johnson Negro Film Collection",,,Cox,Jimmie,,,,,,The Disappearance of Mary Jane,,,,"""African American Films Through 1959: A Comprehensive, Illustrated Filmography""",,,Pope,Lucille,,,,,,Dixie Love,,,,"""African American Films Through 1959: A Comprehensive, Illustrated Filmography""",,,Gregg,Richard,,,,,,Dixie Love,,,,"""African American Films Through 1959: A Comprehensive, Illustrated Filmography""",,,Childress,Alvin,,,,"Director for Paragon Pictures, per Sampson (78). --MP",,Dixie Love,,,,"""African American Films Through 1959: A Comprehensive, Illustrated Filmography"",Blacks in Black and White",,Paragon Pictures,Hargrave,Myrtle,,,,,,,Dixie Love,,,"""African American Films Through 1959: A Comprehensive, Illustrated Filmography""",,,MacCullough,Jack,,,,,,,Do the Dead Talk?,,,"""African American Films Through 1959: A Comprehensive, Illustrated Filmography""",,,Goodman,J.K.,,,,,,The Dungeon,,,,"""African American Films Through 1959: A Comprehensive, Illustrated Filmography""",,,Crowell,W.F.,,,8/1/29,"DOD given in Musser et al., An Oscar Micheaux Filmography (in Bowser et al.).",,The Dungeon,,,,"""African American Films Through 1959: A Comprehensive, Illustrated Filmography"",Oscar Micheaux and His Circle",,,Cooke,Earl Brown,,,,,,The Dungeon,,,,"""African American Films Through 1959: A Comprehensive, Illustrated Filmography""",,,Green,Eddie,,,,,,Eddie Green's Rehearsal,Eddie Green's Rehearsal,Eddie Green's Rehearsal,,"""African American Films Through 1959: A Comprehensive, Illustrated Filmography""",,,Pope,Leo,,,,,,Eleven P.M.,,,,"""African American Films Through 1959: A Comprehensive, Illustrated Filmography""",,,Lane,Sammie,,,,,,Eleven P.M.,,,,"""African American Films Through 1959: A Comprehensive, Illustrated Filmography""",,,Williams,H. Marion,,,,,,Eleven P.M.,,,,"""African American Films Through 1959: A Comprehensive, Illustrated Filmography""",,,Palmer,Harry,,,,,,,Escapades of Estelle,,,"""African American Films Through 1959: A Comprehensive, Illustrated Filmography""",,,Arnett,Billy,,,,,,The Fall of the Mighty,,,,"""African American Films Through 1959: A Comprehensive, Illustrated Filmography""",,,Jones,Clayburn,,,,,,The Fall of the Mighty,,,,"""African American Films Through 1959: A Comprehensive, Illustrated Filmography""",,,Bradford,I.D.,,,,,,The Fall of the Mighty,,,,"""African American Films Through 1959: A Comprehensive, Illustrated Filmography""",,,Arnett,Grace,,,,,,The Fall of the Mighty,,,,"""African American Films Through 1959: A Comprehensive, Illustrated Filmography""",,,Lochart,Ida,,,,,,The Fall of the Mighty,,,,"""African American Films Through 1959: A Comprehensive, Illustrated Filmography""",,,McGarr,,,,,,,The Fall of the Mighty,,,,"""African American Films Through 1959: A Comprehensive, Illustrated Filmography""",,,Taylor,Ruby,,,,,,The Fall of the Mighty,,,,"""African American Films Through 1959: A Comprehensive, Illustrated Filmography""",,,Fox,George,,,,,,The Fall of the Mighty,,,,"""African American Films Through 1959: A Comprehensive, Illustrated Filmography""",,,Flowers,Tiger,,,,,,The Fighting Deacon,,,,"""African American Films Through 1959: A Comprehensive, Illustrated Filmography""",,,Miller,Walt,,,,,,,,,,,,,Lawson,Fighting Bob,,,,,,The Fighting Deacon,,,,"""African American Films Through 1959: A Comprehensive, Illustrated Filmography""",,,Mankins,Roxie,,,,,,The Flames of Wrath,,,,"""African American Films Through 1959: A Comprehensive, Illustrated Filmography""",,,Burton,John,,,,,,The Flames of Wrath,,,,"""African American Films Through 1959: A Comprehensive, Illustrated Filmography""",,,Pearson,Charles,,,,,,The Flames of Wrath,,,,"""African American Films Through 1959: A Comprehensive, Illustrated Filmography""",,,Kelson,Anna,,,,,,The Flames of Wrath,,,,"""African American Films Through 1959: A Comprehensive, Illustrated Filmography""",,,Johnson,John Lester,,,,,,The Flames of Wrath,,,,"""African American Films Through 1959: A Comprehensive, Illustrated Filmography""",,,Colbert,Frank,,,,,,The Flames of Wrath,,,,"""African American Films Through 1959: A Comprehensive, Illustrated Filmography""",,,Williams,Mrs. Maris P.,"Maris Williams, Maria P. Williams",,,"""The first colored woman film producer"" (Richards, 60). --MP

Sampson (77) lists her as co-owner of Western Picture Producing Company (with J.I. Williams), but gives her name as Maria P. Williams. --MP",,,,The Flames of Wrath,,"""African American Films Through 1959: A Comprehensive, Illustrated Filmography"",Blacks in Black and White",,Western Film Production Company,Dunbar,Dorothy,,,,,,The Flaming Crisis,,,,"""African American Films Through 1959: A Comprehensive, Illustrated Filmography""",,,Nicholson,Calvin,,,,,,The Flaming Crisis,,,,"""African American Films Through 1959: A Comprehensive, Illustrated Filmography""",,,White,Talford,,,,,,The Flaming Crisis,,,,"""African American Films Through 1959: A Comprehensive, Illustrated Filmography""",,,Dixon,Henry,,,,,,The Flaming Crisis,,,,"""African American Films Through 1959: A Comprehensive, Illustrated Filmography""",,,Sherman,Kathryn,,,,,,The Flaming Crisis,,,,"""African American Films Through 1959: A Comprehensive, Illustrated Filmography""",,,Chester,Marie,,,,,,The Flaming Crisis,,,,"""African American Films Through 1959: A Comprehensive, Illustrated Filmography""",,,Yeargan,Arthur,,,,,,The Flaming Crisis,,,,"""African American Films Through 1959: A Comprehensive, Illustrated Filmography""",,,Butler,William,,,,,,The Flaming Crisis,,,,"""African American Films Through 1959: A Comprehensive, Illustrated Filmography""",,,Goldman,Lawrence,,,,,,,,The Flaming Crisis,,"""African American Films Through 1959: A Comprehensive, Illustrated Filmography""",,,Cohen,Octavus,,,,,,,,The Florian Slappey Series,,"""African American Films Through 1959: A Comprehensive, Illustrated Filmography""",Brown Gravy,,Chatman,Frank,,,,,,Foolish Lives,,,,"""African American Films Through 1959: A Comprehensive, Illustrated Filmography""",,,Harris,Henry,,,,,,Foolish Lives,,,,"""African American Films Through 1959: A Comprehensive, Illustrated Filmography""",,,Carter,Frank,,,,,,Foolish Lives,,,,"""African American Films Through 1959: A Comprehensive, Illustrated Filmography""",,,Cox,Jewel,,,,,,Foolish Lives,,,,"""African American Films Through 1959: A Comprehensive, Illustrated Filmography""",,,Patterson,Marguerite,,,,,,Foolish Lives,,,,"""African American Films Through 1959: A Comprehensive, Illustrated Filmography""",,,Patton,Jonella,,,,,,Foolish Lives,,,,"""African American Films Through 1959: A Comprehensive, Illustrated Filmography""",,,Wilson,Ben,,,,Mentioned in folder for Ben Roy Productions (GPJ Box 3). --MP,,,,,,George P. Johnson Negro Film Collection,,Ben Roy Productions,Arnau,Brenda,,,,,,,,,,,,,Buster Keaton,,,,,,,Steamboat Bill Jr.,,,,,,,Torrence,Ernest,,,,,,Steamboat Bill Jr.,,,,,,,Arnster,Willie,,,,,,Steamboat Bill Jr.,,,,,,,Ford,John,,,,,,,Arrowsmith,,,,,,Coleman,Ronald,,,,,,Arrowsmith,,,,,,,Franklin,Wendell,,,,Mentioned in folder for the Art of Love,,,,,,George P. Johnson Negro Film Collection,,,Hayes,Helen,,,,,,Arrowsmith,,,,,,,Anson,A.E,,,,,,Arrowsmith,,,,,,,,,,,,,,,,,,,,,Bennett,Richard,,,,,,Arrowsmith,,,,,,,Hopton,King Russell,,,,,,Arrowsmith,,,,,,,,,,,,,,,,,,,,,,,,,,,,,,,,,,,Portman,Eric,,,,,,The Assignment,,,,,,,Reynolds,Sheldon,,,,,,,The Assignment,,,,,,Conrad,William,,,,,,,,The Assignment,,,,,Moore,Tim,,,,"Box 4, Boy What a Girl folder, GPJ collection --MP

GPJ Collection, Box 19, His Great Chance Folder. --MP",,"Boy What a Girl,His Great Chance",,,,George P. Johnson Negro Film Collection,,,Smith,Elwood,,,,"Box 4, Boy What a Girl folder, GPJ collection",,Boy What a Girl,,,,George P. Johnson Negro Film Collection,,,Williams,Duke,,,,"Box 4, Boy What a Girl folder, GPJ collection",,Boy What a Girl,,,,George P. Johnson Negro Film Collection,,,Jackson,Al,,,,"Box 4, Boy What a Girl folder, GPJ collection",,Boy What a Girl,,,,George P. Johnson Negro Film Collection,,,Guyse,Sheila,,,,"Box 4, Boy What a Girl folder, GPJ collection",,Boy What a Girl,,,,George P. Johnson Negro Film Collection,,,Lewis,Warren,,,,"Box 4, Boy What a Girl folder, GPJ collection",,Boy What a Girl,,,,George P. Johnson Negro Film Collection,,,Mays-Sibil,Betti,,,,"Box 4, Boy What a Girl folder, GPJ collection",,Boy What a Girl,,,,George P. Johnson Negro Film Collection,,,Patterson,Warren,,,,"Box 4, Boy What a Girl folder, GPJ collection",,Boy What a Girl,,,,George P. Johnson Negro Film Collection,,,Stewart,Siam,,,,"Box 4, Boy What a Girl folder, GPJ collection",,Boy What a Girl,,,,George P. Johnson Negro Film Collection,,,Watson,Deck,,,,"Box 4, Boy What a Girl folder, GPJ collection",,Boy What a Girl,,,,George P. Johnson Negro Film Collection,,,Cartlett,Big Sid,,,,"Box 4, Boy What a Girl folder, GPJ collection",,Boy What a Girl,,,,George P. Johnson Negro Film Collection,,,Cornell,Ann,,,,"Box 4, Boy What a Girl folder, GPJ collection",,Boy What a Girl,,,,George P. Johnson Negro Film Collection,,,Gregory,Dick,,,,"Box 2, Assault on a Queen folder. GPJ Collection

",,,,,,George P. Johnson Negro Film Collection,,,Ayers,Benny,,,,"Box 2 Ayers, Benny

",,,,,,George P. Johnson Negro Film Collection,,,Burns,Sandy,,,,"GPJ, His Great Chance Folder, Box 19. --MP",,His Great Chance,,,,George P. Johnson Negro Film Collection,,,Smart,Bobby,,,,"GPJ Collection, Box 19, His Great Chance Folder. --MP",,"His Great Chance,A Shot in the Night,The Devil's Match",,,,George P. Johnson Negro Film Collection,,,Moore,Gertrude,,,,"GPJ Collection, Box 19, His Great Chance Folder. --MP",,His Great Chance,,,,George P. Johnson Negro Film Collection,,,Hart,Fred,,,,"GPJ Collection, Box 19, His Great Chance Folder. --MP",,His Great Chance,,,,George P. Johnson Negro Film Collection,,,Burns,Fannette,,,,"GPJ Collection, Box 19, His Great Chance Folder. --MP",,His Great Chance,,,,George P. Johnson Negro Film Collection,,,Russell,Sam,,,,"GPJ Collection, Box 19, His Great Chance Folder. --MP",,His Great Chance,,,,George P. Johnson Negro Film Collection,,,Slater,Mark,,,,"GPJ Collection, Box 19, His Great Chance Folder. --MP",,His Great Chance,,,,George P. Johnson Negro Film Collection,,,Baker,Josephine,Jo Baker,,,,,"The Siren of the Tropics,The Count,The Revue des Revues",,,,George P. Johnson Negro Film Collection,,,Skinner,C. Lucien,,,,"GPJ Collection Box 9, Crispus Attucks News Review",,,,,,George P. Johnson Negro Film Collection,,,Baker,Sam,,,,"Box 2, Baker, Sam, GPJ Collection

",,"The Thief of Bagdad,The Road to Mandalay,The Missing Link,Grandma Bernie Learns Her Letters,Louisiana,The Golden Lion,Tarzan",,,,George P. Johnson Negro Film Collection,,,Rowland,Nina,,,,"Named in entry for $10,000 Trail in Klotman. --MP",,"""The $10,000 Trail""",,,,Frame by Frame: A Black Filmography (Part 1),,,Dumont,Dorothy,,,,"Identified in entry for $10,000 Trail in Klotman. --MP",,"""The $10,000 Trail""",,,,Frame by Frame: A Black Filmography (Part 1),,,Henderson,Frances,,,,"Identified in entry for $10,000 Trail in Klotman. --MP",,"""The $10,000 Trail""",,,,Frame by Frame: A Black Filmography (Part 1),,,Ross,Clinton,,,,"Identified in entry for $10,000 Trail in Klotman. --MP",,"""The $10,000 Trail""",,,,Frame by Frame: A Black Filmography (Part 1),,,Herman,Kid,,,,"Identified in entry for $10,000 Trail in Klotman. --MP",,"""The $10,000 Trail""",,,,Frame by Frame: A Black Filmography (Part 1),,,Teal,Joel,,,,"Identified in entry for $10,000 Trail in Klotman. --MP",,"""The $10,000 Trail""",,,,Frame by Frame: A Black Filmography (Part 1),,,Faltenburg,Master Henry,,,,"Identified in entry for $10,000 Trail in Klotman. --MP",,"""The $10,000 Trail""",,,,Frame by Frame: A Black Filmography (Part 1),,,Patrick,E.,,,,"Identified in entry for $10,000 Trail in Klotman. --MP",,"""The $10,000 Trail""",,,,Frame by Frame: A Black Filmography (Part 1),,,Smith,Henry,,,,"Identified in entry for $10,000 Trail in Klotman. --MP",,"""The $10,000 Trail""",,,,Frame by Frame: A Black Filmography (Part 1),,,Crockett,J.,,,,"Identified in entry for $10,000 Trail in Klotman. --MP",,"""The $10,000 Trail""",,,,Frame by Frame: A Black Filmography (Part 1),,,Dennis,E.M.,,,,"Identified in entry for $10,000 Trail in Klotman. --MP",,"""The $10,000 Trail""",,,,Frame by Frame: A Black Filmography (Part 1),,,Rainey,Paul J.,,,,,,Paul J. Rainey's African Hunt,,Paul J. Rainey's African Hunt,,American Film Institute Catalog,,,Hemment,John C.,,,,,,Paul J. Rainey's African Hunt,,,,American Film Institute Catalog,,,Gourdin,Ned,,,,Harvard athlete. World's record holder in running broad jump. ,,Peacock News Reel #2,,,,"""African American Films Through 1959: A Comprehensive, Illustrated Filmography""",,,Parlam,Florence,,,,,,Peacock News Reel #2,,,,"""African American Films Through 1959: A Comprehensive, Illustrated Filmography""",,,Morison,Ernest ,Sunshine Sammy,,,,,"The Pickaninny,Sunshine Sammy",,,,"""African American Films Through 1959: A Comprehensive, Illustrated Filmography""",,,Forbes Randolf Kentuck Jubilee Singers,,,,,,,"Pickin' Cotton,Slave Days",,,,"""African American Films Through 1959: A Comprehensive, Illustrated Filmography""",,,Hall,Iris,,,,"Mentioned in Musser et al., An Oscar Micheaux Filmography (in Bowser et al.).",,"The Homesteader,The Symbol of the Unconquered",,,,Oscar Micheaux and His Circle,,,Smith,Inez,,,,"Mentioned in Musser et al., An Oscar Micheaux Filmography (in Bowser et al.). I wonder if there's an error somewhere, as an actor named ""Ethel Smith"" also exists in our filmography, and the name of Inez Smith's character in The Homesteader is Ethel. --MP",,The Homesteader,,,,Oscar Micheaux and His Circle,,,Duncan,Vernon S.,,,,"Mentioned in Musser et al., An Oscar Micheaux Filmography (in Bowser et al.).",,The Homesteader,,,,Oscar Micheaux and His Circle,,,Wood,Trevy,Trevy Woods,,,"Mentioned in Musser et al., An Oscar Micheaux Filmography (in Bowser et al.).",,The Homesteader,,,,Oscar Micheaux and His Circle,,,George,William,,,,"Mentioned in Musser et al., An Oscar Micheaux Filmography (in Bowser et al.).",,The Homesteader,,,,Oscar Micheaux and His Circle,,,Edwards,Mattie,,,,"Mentioned in Musser et al., An Oscar Micheaux Filmography (in Bowser et al.).",,"Within Our Gates,Rakoon Hose Company,The Brute,Sam and the Bully,Swami Sam,Who's Who,The Tale of a Chicken",,,,Oscar Micheaux and His Circle,,,Edwards,Grant,,,,"Mentioned in Musser et al., An Oscar Micheaux Filmography (in Bowser et al.).",,Within Our Gates,,,,Oscar Micheaux and His Circle,,,Chenault,Jack,,,,"Mentioned in Musser et al., An Oscar Micheaux Filmography (in Bowser et al.). Could this be an error? Might they have meant Lawrence? --MP",,Within Our Gates,,,,Oscar Micheaux and His Circle,,,Walker,C.J.,Madame C.J. Walker,,,,,,,Pythian Conclave and League Parley,,"""African American Films Through 1959: A Comprehensive, Illustrated Filmography""",,,Edwards,John,,,,,,"Rakoon Hose Company,Rastus Knew It Wasn't,Sam and the Bully,Swami Sam,Who's Who,The Tale of a Chicken",,,,"""African American Films Through 1959: A Comprehensive, Illustrated Filmography""",,,Scott,Luke,,,,,,"Rakoon Hose Company,The Tale of a Chicken",,,,"""African American Films Through 1959: A Comprehensive, Illustrated Filmography""",,,Roseborough,D,,,,,,Rakoon Hose Company,,,,"""African American Films Through 1959: A Comprehensive, Illustrated Filmography""",,,Lubin,Sigmund,,4/21/1851,9/11/23,,,,"Rakoon Hose Company,Rastus Among the Zulus,Rastus Knew It Wasn't,Sam and the Bully,Swami Sam,Who's Who,""Zeb, Zack, and the Zulus"",The Tale of a Chicken","Rastus Among the Zulus,Rastus Knew It Wasn't,Sam and the Bully,Swami Sam,Who's Who,""Zeb, Zack, and the Zulus"",The Tale of a Chicken",,"""African American Films Through 1959: A Comprehensive, Illustrated Filmography""",,,Louis,Will,,,,,,,,Rakoon Hose Company,,"""African American Films Through 1959: A Comprehensive, Illustrated Filmography""",Who's Who,,Byron,Royal,,,,White,,Rastus Knew It Wasn't,,,,"""African American Films Through 1959: A Comprehensive, Illustrated Filmography""",,,Paige,Mabel,,,,White,,Rastus Knew It Wasn't,,,,"""African American Films Through 1959: A Comprehensive, Illustrated Filmography""",,,Lawrence,Ed,,,,White,,"Rastus Knew It Wasn't,Swami Sam",,,,"""African American Films Through 1959: A Comprehensive, Illustrated Filmography""",,,Gorman,Grant,,,,"Mentioned in Musser et al., An Oscar Micheaux Filmography (in Bowser et al.).",,Within Our Gates,,,,Oscar Micheaux and His Circle,,,Clements,Flo,,,,"Mentioned in Musser et al., An Oscar Micheaux Filmography (in Bowser et al.).",,"Within Our Gates,The Brute",,,,Oscar Micheaux and His Circle,,,La Rue,John,,,,,,Reckless Money,,,,"""African American Films Through 1959: A Comprehensive, Illustrated Filmography""",,,Cook,Jimmie,,,,"Mentioned in Musser et al., An Oscar Micheaux Filmography (in Bowser et al.).",,Within Our Gates,,,,Oscar Micheaux and His Circle,,,Lucas,Charles D.,,,,"Mentioned in Musser et al., An Oscar Micheaux Filmography (in Bowser et al.).",,Within Our Gates,,,,Oscar Micheaux and His Circle,,,Watkins of Durham,,,,,,,,,,Reckless Money,"""African American Films Through 1959: A Comprehensive, Illustrated Filmography""",,,Johnson,Ralph,,,,"Mentioned in Musser et al., An Oscar Micheaux Filmography (in Bowser et al.).",,Within Our Gates,,,,Oscar Micheaux and His Circle,,,Ruffin,James D.,,,,"Mentioned in Musser et al., An Oscar Micheaux Filmography (in Bowser et al.).",,Within Our Gates,,,,Oscar Micheaux and His Circle,,,Dudley,Mary,,,,"Coreographer
",,,,,,"""African American Films Through 1959: A Comprehensive, Illustrated Filmography""",,,Reckless MoneyLadd,Bernice,,,,"Mentioned in Musser et al., An Oscar Micheaux Filmography (in Bowser et al.).",,Within Our Gates,,,,Oscar Micheaux and His Circle,,,Evelyn,Mrs.,Mrs. Evelyn,,,"Mentioned in Musser et al., An Oscar Micheaux Filmography (in Bowser et al.).",,Within Our Gates,,,,Oscar Micheaux and His Circle,,,Smith,William,,,,"Mentioned in Musser et al., An Oscar Micheaux Filmography (in Bowser et al.).",,Within Our Gates,,,,Oscar Micheaux and His Circle,,,Harris,LaFont,,,,"Mentioned in Musser et al., An Oscar Micheaux Filmography (in Bowser et al.). --MP",,Within Our Gates,,,,Oscar Micheaux and His Circle,,,David,N.C.,,,,,,,A Reckless Rover,,,"""African American Films Through 1959: A Comprehensive, Illustrated Filmography""",,,Jones,Lila Walker,,,,,,A Regeneration of Souls,,,,"""African American Films Through 1959: A Comprehensive, Illustrated Filmography""",,,Gorgas,Alice,,,,"Mentioned in Musser et al., An Oscar Micheaux Filmography (in Bowser et al.). --MP",,The Brute,,,,Oscar Micheaux and His Circle,,,Nolan,Kid,,,,Lightweight boxing champion,,"A Regeneration of Souls,""Shoot 'Em Up, Sam""",,,,"""African American Films Through 1959: A Comprehensive, Illustrated Filmography""",,,Cutler,Marty,,,,"Mentioned in Musser et al., An Oscar Micheaux Filmography (in Bowser et al.). --MP",,The Brute,,,,Oscar Micheaux and His Circle,,,Bowman,Laura,,,,"Mentioned in Musser et al., An Oscar Micheaux Filmography (in Bowser et al.). --MP",,The Brute,,,,Oscar Micheaux and His Circle,,,Williams,Virgil,,,,"Mentioned in Musser et al., An Oscar Micheaux Filmography (in Bowser et al.). --MP",,"The Brute,In the Depths of Our Hearts",,,,Oscar Micheaux and His Circle,,,Plater,Henry,,,,"Mentioned in Musser et al., An Oscar Micheaux Filmography (in Bowser et al.). --MP",,The Brute,,,,Oscar Micheaux and His Circle,,,Gaines,Al,,,,"Mentioned in Musser et al., An Oscar Micheaux Filmography (in Bowser et al.). --MP",,The Brute,,,,Oscar Micheaux and His Circle,,,Timblin,Slim,,,,,,Revival Day,,,,,,,Thompson,Walker,,,,"Mentioned in Musser et al., An Oscar Micheaux Filmography (in Bowser et al.). --MP",,The Symbol of the Unconquered,,,,Oscar Micheaux and His Circle,,,Nalpas,Alex,,,,,,,,The Revue des Revues,,"""African American Films Through 1959: A Comprehensive, Illustrated Filmography""",,,Catlin,George,,,,"Mentioned in Musser et al., An Oscar Micheaux Filmography (in Bowser et al.). --MP",,The Symbol of the Unconquered,,,,Oscar Micheaux and His Circle,,,King,Edward E.,,,,"Mentioned in Musser et al., An Oscar Micheaux Filmography (in Bowser et al.). --MP",,The Symbol of the Unconquered,,,,Oscar Micheaux and His Circle,,,Dixon,Gabrielle,,,,,,The Revue des Revues,,,,"""African American Films Through 1959: A Comprehensive, Illustrated Filmography""",,,Wilkes,Mattie V.,,,,"Mentioned in Musser et al., An Oscar Micheaux Filmography (in Bowser et al.). --MP",,"The Symbol of the Unconquered,The Gunsaulus Mystery,The Conjure Woman,For His Mother's Sake",,,,Oscar Micheaux and His Circle,,,Luquet,Andre,,,,,,The Revue des Revues,,,,"""African American Films Through 1959: A Comprehensive, Illustrated Filmography""",,,de Balzac,Jeanne,,,,,,The Revue des Revues,,,,"""African American Films Through 1959: A Comprehensive, Illustrated Filmography""",,,Carise,Erna,,,,,,The Revue des Revues,,,,"""African American Films Through 1959: A Comprehensive, Illustrated Filmography""",,,Varna,Henri,,,,,,The Revue des Revues,,,,"""African American Films Through 1959: A Comprehensive, Illustrated Filmography""",,,Burroughs,James,,,,"Mentioned in Musser et al., An Oscar Micheaux Filmography (in Bowser et al.). --MP",,The Symbol of the Unconquered,,,,Oscar Micheaux and His Circle,,,Fraction,Edward,,,,"Mentioned in Musser et al., An Oscar Micheaux Filmography (in Bowser et al.). --MP",,The Symbol of the Unconquered,,,,Oscar Micheaux and His Circle,,,Loach,Lena,,,,"Mentioned in Musser et al., An Oscar Micheaux Filmography (in Bowser et al.). --MP",,The Symbol of the Unconquered,,,,Oscar Micheaux and His Circle,,,Abrams,Ed,Dick Abrams,,,"Could he be the same as ""Edward Abrahams""? Mentioned in Musser et al., An Oscar Micheaux Filmography (in Bowser et al.). --MP",,The Gunsaulus Mystery,,,,Oscar Micheaux and His Circle,,,Bearden,Bessye,,,,"Mentioned in Musser et al., An Oscar Micheaux Filmography (in Bowser et al.). --MP",,The Gunsaulus Mystery,,,,Oscar Micheaux and His Circle,,,Wild West Rodeo,,,,,,,Saddle Daze,,,,,,,Williams,Ethel,,,,"Mentioned in Musser et al., An Oscar Micheaux Filmography (in Bowser et al.). --MP",,The Gunsaulus Mystery,,,,Oscar Micheaux and His Circle,,,Brown,Edward,Eddie Brown,,,"Mentioned in Musser et al., An Oscar Micheaux Filmography (in Bowser et al.). --MP",,The Gunsaulus Mystery,,,,Oscar Micheaux and His Circle,,,Watts,Ethel,,,,"Could she be the same as ""Ethel Watson""? Mentioned in Musser et al., An Oscar Micheaux Filmography (in Bowser et al.). --MP",,The Gunsaulus Mystery,,,,Oscar Micheaux and His Circle,,,smith,,,,,,,,,,,,,,Smith,Bessie,,,,,,St. Louis Blues,,,,"""African American Films Through 1959: A Comprehensive, Illustrated Filmography""",,,Mordecai,Jimmy,,,,,,"St. Louis Blues,Yamekraw",,,,"""African American Films Through 1959: A Comprehensive, Illustrated Filmography""",,,Christian,Hattie,,,,"Mentioned in Musser et al., An Oscar Micheaux Filmography (in Bowser et al.). --MP",,The Gunsaulus Mystery,,,,Oscar Micheaux and His Circle,,,Washington,Isabel,,,,,,St. Louis Blues,,,,"""African American Films Through 1959: A Comprehensive, Illustrated Filmography""",,,Sindle,W.D.,,,,"Mentioned in Musser et al., An Oscar Micheaux Filmography (in Bowser et al.). --MP",,The Gunsaulus Mystery,,,,Oscar Micheaux and His Circle,,,Lee,Johnny,,,,,,St. Louis Blues,,,,"""African American Films Through 1959: A Comprehensive, Illustrated Filmography""",,,Russell,George,,,,"Mentioned in Musser et al., An Oscar Micheaux Filmography (in Bowser et al.). --MP",,The Gunsaulus Mystery,,,,Oscar Micheaux and His Circle,,,Hall Johnson Chorus,,,,,,,St. Louis Blues,,,,"""African American Films Through 1959: A Comprehensive, Illustrated Filmography""",,,Kroll,Alex,,,,"Mentioned in Musser et al., An Oscar Micheaux Filmography (in Bowser et al.). --MP",,The Gunsaulus Mystery,,,,Oscar Micheaux and His Circle,,,Murphy,Dudley,,,,,,,St. Louis Blues,,,"""African American Films Through 1959: A Comprehensive, Illustrated Filmography""",,,Sack,Alfred,,,,,,,,St. Louis Blues,,"""African American Films Through 1959: A Comprehensive, Illustrated Filmography""",,,Handy,W.C.,,,,Choral arrangements with Rosamund Johnson,,,,,,"""African American Films Through 1959: A Comprehensive, Illustrated Filmography""",,,St. Louis BluesJohnson ,Rosamund,,,,Choral arrangements with W.C. Handy,,,,,,"""African American Films Through 1959: A Comprehensive, Illustrated Filmography""",,,St. Louis BluesStrenge,Walter,,,,,,,,,St. Louis Blues,"""African American Films Through 1959: A Comprehensive, Illustrated Filmography""",,,Shields,Russell,,,,,,,,,,"""African American Films Through 1959: A Comprehensive, Illustrated Filmography""",St. Louis Blues,,Oschmann,George,,,,Recordist ,,,,,,"""African American Films Through 1959: A Comprehensive, Illustrated Filmography""",,,St. Louis BluesSargent,E.W.,,,,,,,,,,"""African American Films Through 1959: A Comprehensive, Illustrated Filmography""","Sam and the Bully,Swami Sam",,Bruckner,August,,,,,,,Samba,,,"""African American Films Through 1959: A Comprehensive, Illustrated Filmography""",,,Hawley,Monte,,,,"Mentioned in Musser et al., An Oscar Micheaux Filmography (in Bowser et al.). --MP",,A Son of Satan,,,,Oscar Micheaux and His Circle,,,Anthony,Emmett,,,,"Mentioned in Musser et al., An Oscar Micheaux Filmography (in Bowser et al.). --MP",,A Son of Satan,,,,Oscar Micheaux and His Circle,,,Ellis,Evelyn,,,,"Mentioned in Musser et al., An Oscar Micheaux Filmography (in Bowser et al.). --MP",,A Son of Satan,,,,Oscar Micheaux and His Circle,,,Dove,Marie,,,,"Mentioned in Musser et al., An Oscar Micheaux Filmography (in Bowser et al.). --MP",,A Son of Satan,,,,Oscar Micheaux and His Circle,,,Fletcher,Oroville,,,,,,Shadowed by the Devil,,,,"""African American Films Through 1959: A Comprehensive, Illustrated Filmography""",,,Brown,Margaret,,,,"Mentioned in Musser et al., An Oscar Micheaux Filmography (in Bowser et al.). --MP",,A Son of Satan,,,,Oscar Micheaux and His Circle,,,Mills,Gertrude,,,,,,Shadowed by the Devil,,,,"""African American Films Through 1959: A Comprehensive, Illustrated Filmography""",,,Robinson,Walter,,,,"Mentioned in Musser et al., An Oscar Micheaux Filmography (in Bowser et al.). --MP",,A Son of Satan,,,,Oscar Micheaux and His Circle,,,Stewart,Dink,,,,"Mentioned in Musser et al., An Oscar Micheaux Filmography (in Bowser et al.). --MP",,A Son of Satan,,,,Oscar Micheaux and His Circle,,,Webb,M.M.,Mrs. M.M. Webb,,,Film based on story written by Mrs. M.M. Webb,,,,,,"""African American Films Through 1959: A Comprehensive, Illustrated Filmography""",,,Shadowed by the DevilSewall,Olivia,,,,"Same as Alma Sewall, or different? Mentioned in Musser et al., An Oscar Micheaux Filmography (in Bowser et al.). --MP",,A Son of Satan,,,,Oscar Micheaux and His Circle,,,Moran,Eddie,,,,,,Shake It Up,,,,"""African American Films Through 1959: A Comprehensive, Illustrated Filmography""",,,Challis,Beth,,,,,,Shake It Up,,,,"""African American Films Through 1959: A Comprehensive, Illustrated Filmography""",,,Smallwood,Mildred,,,,"Mentioned in Musser et al., An Oscar Micheaux Filmography (in Bowser et al.). --MP",,A Son of Satan,,,,Oscar Micheaux and His Circle,,,Major,Cincinattus,,,,"Mentioned in Musser et al., An Oscar Micheaux Filmography (in Bowser et al.) as involved in traveling publicity for Micheaux. --MP",,Spider's Web,,,,Oscar Micheaux and His Circle,,Micheaux Film Corporation,Easton,Sidney,,,,"Mentioned in Musser et al., An Oscar Micheaux Filmography (in Bowser et al.). --MP",,The Conjure Woman,,,,Oscar Micheaux and His Circle,,,McLane,Lorenzo,,,,"Mentioned in Musser et al., An Oscar Micheaux Filmography (in Bowser et al.). --MP",,Spider's Web,,,,Oscar Micheaux and His Circle,,,Jackson,Zodiac,,,,"Mentioned in Musser et al., An Oscar Micheaux Filmography (in Bowser et al.). --MP",,Spider's Web,,,,Oscar Micheaux and His Circle,,,Smythe,Grace,,,,"Mentioned in Musser et al., An Oscar Micheaux Filmography (in Bowser et al.). --MP",,Spider's Web,,,,Oscar Micheaux and His Circle,,,Loveless,Henrietta,,,,"Mentioned in Musser et al., An Oscar Micheaux Filmography (in Bowser et al.). --MP",,Spider's Web,,,,Oscar Micheaux and His Circle,,,Rodgers,Marshall,,,,"Mentioned in Musser et al., An Oscar Micheaux Filmography (in Bowser et al.). --MP",,Spider's Web,,,,Oscar Micheaux and His Circle,,,Gulport,Billy,,,,"Mentioned in Musser et al., An Oscar Micheaux Filmography (in Bowser et al.). --MP",,Spider's Web,,,,Oscar Micheaux and His Circle,,,Williams,Cy,,,,"Mentioned in Musser et al., An Oscar Micheaux Filmography (in Bowser et al.). --MP",,Spider's Web,,,,Oscar Micheaux and His Circle,,,Diggs,Josiah,,,,"Mentioned in Musser et al., An Oscar Micheaux Filmography (in Bowser et al.). --MP",,Spider's Web,,,,Oscar Micheaux and His Circle,,,Barr,Edna,,,,"Mentioned in Musser et al., An Oscar Micheaux Filmography (in Bowser et al.). --MP",,Spider's Web,,,,Oscar Micheaux and His Circle,,,Williams,Palestine Delores,,,,"Mentioned in Musser et al., An Oscar Micheaux Filmography (in Bowser et al.). --MP",,Spider's Web,,,,Oscar Micheaux and His Circle,,,Monagas,,,,,,,,,,,,,,Bracken,Vera,,,,"Mentioned in Musser et al.'s Micheaux filmography, in Bowser et al., Oscar Micheaux and His Circle. --MP",,The Millionaire,,,,Oscar Micheaux and His Circle,,,Abbott,Robert,,,,"Editor and publisher of Chicago Defender. Mentioned in Musser et al.'s Micheaux filmography, in Bowser et al., Oscar Micheaux and His Circle. --MP",,The Millionaire,,,,Oscar Micheaux and His Circle,,,Abbott,Mrs. Robert,,,,"Wife of editor/publisher of Chicago Defender. Mentioned in Musser et al.'s Micheaux filmography, in Bowser et al., Oscar Micheaux and His Circle. --MP",,The Millionaire,,,,Oscar Micheaux and His Circle,,,Hoelby,Walter,,,,,,A Shot in the Night,,,,"""African American Films Through 1959: A Comprehensive, Illustrated Filmography""",,,Freeman,Ruth,,,,,,A Shot in the Night,,,,"""African American Films Through 1959: A Comprehensive, Illustrated Filmography""",,,Amos,Tom,,,,,,A Shot in the Night,,,,"""African American Films Through 1959: A Comprehensive, Illustrated Filmography""",,,Tolliver Brothers,,,,,,,A Shot in the Night,,,,"""African American Films Through 1959: A Comprehensive, Illustrated Filmography""",,,De Forest,Lee,Lee de Forrest,,,,,,Sissle and Blake,Sissle and Blake,,"""African American Films Through 1959: A Comprehensive, Illustrated Filmography""",,,Downing,Henry Francis,,,,"Playwright of The Racial Tangle (1920), on which Thirty Years Later was based. Author of The American Cavalryman: A Liberian Romance, on which A Daughter of the Congo was based. Both per Musser et al.'s Micheaux filmography, in Bowser et al., Oscar Micheaux and His Circle. --MP",,,,,,,,,"Thirty Years Later,A Daughter of the Congo"Forbes,Randolpf ,,,,,,,Slave Days,,,"""African American Films Through 1959: A Comprehensive, Illustrated Filmography""",,,Whitney,Homer Tutt,,,,"Mentioned in Musser et al.'s Micheaux filmography, in Bowser et al., Oscar Micheaux and His Circle. --MP",,The Broken Violin,,,,Oscar Micheaux and His Circle,,,Paul,Ike,,,,"Mentioned in Musser et al.'s Micheaux filmography, in Bowser et al., Oscar Micheaux and His Circle. --MP",,The Broken Violin,,,,Oscar Micheaux and His Circle,,,Hind,Rudolph,,,,"Mentioned in Musser et al.'s Micheaux filmography, in Bowser et al., Oscar Micheaux and His Circle. --MP",,The Wages of Sin,,,,Oscar Micheaux and His Circle,,,Micheaux,Swan,,,,"Brother of Oscar, manager of Micheaux Film Corp until March 1, 1927.

Thereafter booking Manager of Dunbar Film Corp (Sampson 62). --MP",,,,,,Fire and Desire: Mixed-Race Movies in the Silent Era,,"Micheaux Film Corporation,Dunbar Film Corporation",West,Charles,,,,"Listed as organizer of Peacock Photoplay Company by Sampson, 10.",,,,,,Blacks in Black and White,,Peacock Photoplay Company,Brooks,Dudley A.,,,,"Treasurer of Lincoln MPC, per Sampson. --MP",,,,,,Blacks in Black and White,,Lincoln Motion Picture Company,Tyler,Willes O.,,,,"Attorney for Lincoln MPC, per Sampson (27).",,,,,,"""African American Films Through 1959: A Comprehensive, Illustrated Filmography""",,Lincoln Motion Picture Company,Pickens,Albertine,,,,,,The Law of Nature,,,,Blacks in Black and White,,,Everett,Estelle,,,,,,The Law of Nature,,,,Blacks in Black and White,,,Clements,Stebeno,,,,,,The Law of Nature,,,,Blacks in Black and White,,,White,Frank,,,,,,The Law of Nature,,,,Blacks in Black and White,,,Saunders,Elsworth,,,,,,The Law of Nature,,,,Blacks in Black and White,,,Richardson,Sallie,,,,,,The Law of Nature,,,,Blacks in Black and White,,,Thomas,D. Ireland,,,,,,,A Man's Duty,,,Blacks in Black and White,,,Wells,Miles M.,,,,"According to Sampson, he headed the group of ""Chicago blacks"" who formed the Unique Film Company in 1916.",,,,,,Blacks in Black and White,,Unique Film Company,Dillon,W.H.,,,,"An officer of the Peter P. Jones Film Co., per Sampson (72).",,,,,,Blacks in Black and White,,Peter P. Jones Photoplay Ltd.,Hackett,LeRoy,,,,"An officer of the Peter P. Jones Film Co., per Sampson (72).",,,,,,Blacks in Black and White,,Peter P. Jones Photoplay Ltd.,Evans,John T.,,,,"An officer of the Peter P. Jones Film Co., per Sampson (72).",,,,,,Blacks in Black and White,,Peter P. Jones Photoplay Ltd.,Williams,Agusta,,,,,,In the Depths of Our Hearts,,,,Blacks in Black and White,,,Conn,Irene,,,,,,In the Depths of Our Hearts,,,,Blacks in Black and White,,,DeLa Valade,Herman,,,,,,In the Depths of Our Hearts,,,,Blacks in Black and White,,,Lorain,Harry,,,,,,Swami Sam,,,,"""African American Films Through 1959: A Comprehensive, Illustrated Filmography""",,,Ferrando,Don,,,,,,Swami Sam,,,,"""African American Films Through 1959: A Comprehensive, Illustrated Filmography""",,,May,Mabel,,,,,,The Symbol of Sacrifice ,,,,"""African American Films Through 1959: A Comprehensive, Illustrated Filmography""",,,Robinson,Willard,,,,,,Syncopated Sermon,,,,"""African American Films Through 1959: A Comprehensive, Illustrated Filmography""",,,Hall Johnson Choir,,,,,,,Syncopated Sermon,,,,,,,Mack,Roy,,,,,,,Syncopated Sermon,,,"""African American Films Through 1959: A Comprehensive, Illustrated Filmography""",,,Sam Robinson,,,,,,,,,,,,,,"Samuel ""Sambo"" Jacks",,,,,,,The Janitor ,,,,,,,Rodgers,George E.,,,,"According to Sampson, Rodgers was VP of Ebony. --MP",,,,,,Blacks in Black and White,,Ebony Film Corporation,Bristol,W.E.,,,,"According to Sampson, was pres of Ebony Film Corp. --MP",,,,,,Blacks in Black and White,,Ebony Film Corporation,Molyneaux,,,,,,,,,,,,,,Schroeder,Edward,,,,"According to Sampson, was VP of Ebony. --MP",,,,,,Blacks in Black and White,,Ebony Film Corporation,Mummery,William,,,,"According to Sampson, was treasurer of Ebony. --MP",,,,,,Blacks in Black and White,,Ebony Film Corporation,Roane,Charles B.,,,,"According to Sampson, was secretary of Ebony. --MP",,,,,,,,Ebony Film Corporation,Graham,Thomas,,,,"According to Sampson, was director of Ebony. --MP",,,,,,Blacks in Black and White,,Ebony Film Corporation,Pollard,L.T.,,,,"According to Sampson, was director of Ebony. --MP",,,,,,Blacks in Black and White,,Ebony Film Corporation,Phillips,George,,,,"According to Sampson, was representative of Ebony. --MP",,,,,,Blacks in Black and White,,Ebony Film Corporation,Barker,Edwin L.,,,,"According to Sampson, was president of Birth of a Race Photoplay Corp. --MP",,,,,,Blacks in Black and White,,Birth of a Race Film Company,Williams,John C.,,,,"According to Sampson, was secretary-treasurer of Birth of a Race Photoplay Corp.. --MP",,,,,,Blacks in Black and White,,Birth of a Race Film Company,Kalana,Thias Nehli,,,,,,Loyal Hearts,,,,Blacks in Black and White,,,Smith,Byron,,,,,,Why Worry?,,,,"Blacks in Black and White,""African American Films Through 1959: A Comprehensive, Illustrated Filmography""",,,Morris,Mae,,,,,,Why Worry?,,,,"""African American Films Through 1959: A Comprehensive, Illustrated Filmography"",Blacks in Black and White",,,Brown,Frank,,,,,,Why Worry?,,,,"""African American Films Through 1959: A Comprehensive, Illustrated Filmography"",Blacks in Black and White",,,McKinney,Catatin T.N.,,,,"A ""Los Angeles businessman,"" president of Democracy (Sampson 60).",,,,,,Blacks in Black and White,,Democracy Photoplay Corporation,Coleman,J.W.,,,,"A ""proprietor of an employment company,"" VP of Democracy (Sampson 60).",,,,,,Blacks in Black and White,,Democracy Photoplay Corporation,Norris,J.T.,,,,Treasurer of Democracy (Sampson 60).,,,,,,Blacks in Black and White,,Democracy Photoplay Corporation,"Saunders, Tressie",,,,,,,,,Woman's Error,,,,,Peacock,Leslie T.,,,,"A ""former captain in the English Army,"" scenario writer for Democracy (Sampson 60).",,,,,,Blacks in Black and White,,Democracy Photoplay Corporation,"Simms, Margaret",,,,,,,Yamekraw,,,,,,,"Roth, Murray",,,,,,,Yamekraw,Yamekraw,,,,,,"Cook, Louise",,,,,,,Yamekraw,,,,,,,Eckert,Peter,,,,Pres. of Dunbar Film Corp (Sampson 62). --MP,,,,,,Blacks in Black and White,,Dunbar Film Corporation,Elwald,Bertha,,,,Secretary-Treasurer of Dunbar Film Corp (Sampson 62). --MP,,,,,,Blacks in Black and White,,Dunbar Film Corporation,Zulu Tribesmen,,,,,,,"A Zulu's Devotion,Zulutown,Zulutown Races",,,,,,,Bell,Willie,,,,Secretary of Afro-American Film Exhibitors Company (Sampson 76). --MP,,,,,,Blacks in Black and White,,Afro-American Film Company,Riley,W.M.,,,,"Secretary-treasurer of Eagle Film Company, per Sampson (77). --MP",,,,,,Blacks in Black and White,,Eagle Film Company,McFall,S.B.,,,,"Cameraman, Eagle Film Company AND also sec-treasurer & director of McFall Film Production Co., per Sampson (77). --MP",,,,,,Blacks in Black and White,,"Eagle Film Company,McFall Film Production Company",Bynum,W.C.,,,,"Director for Eagle Film Company, per Sampson (77). --MP",,,,,,Blacks in Black and White,,Eagle Film Company,Austin,S.A.,Buddy Austin,,,"Organized Strand Amusement Corp., per Sampson (77). --mp",,,,,,Blacks in Black and White,,Strand Amusement Corporation,Easter,W.K.,,,,"President of McFall Film Production Company, per Sampson (77). --MP",,,,,,Blacks in Black and White,,McFall Film Production Company,Holman,E.W.,,,,"VP of McFall Film Production Company, per Sampson (77). --MP",,,,,,Blacks in Black and White,,McFall Film Production Company,Ewing,A.T.,,,,"Cameraman, McFall Film Production Company, per Sampson (77). --MP",,,,,,Blacks in Black and White,,McFall Film Production Company,Thorton,Willard,,,,"Head of scenario dept., McFall Film Production Company, per Sampson (77). --MP",,,,,,Blacks in Black and White,,McFall Film Production Company,Blanton,L.D.,,,,"Editor for McFall Film Production Company, per Sampson (77). --MP",,,,,,Blacks in Black and White,,McFall Film Production Company,Parks,Jason,,,,"Art director for McFall Film Production Company, per Sampson (77). --MP",,,,,,Blacks in Black and White,,McFall Film Production Company,Williams,J.I.,,,,"Owner of Wester Picture Producing Company, per Sampson (77). --MP",,,,,,,,Western Film Production Company,Milburn,I,,,,Sampson lists him as head of Paragon Pictures. --MP,,,,,,Blacks in Black and White,,Paragon Pictures,Allen,Eleanora,,,,"Secretary of Paragon Pictures, per Sampson (77). --MP",,,,,,Blacks in Black and White,,Paragon Pictures,Carpenter,William,,,,"In charge of sound department for Paragon Pictures, per Sampson. --MP",,,,,,Blacks in Black and White,,Paragon Pictures,Cyrus,S.,,,,"Cameraman for Paragon Pictures, per Sampson (77). --MP",,,,,,,,Paragon Pictures,Jacques,Samuel,,,,,,The Janitor ,,,,"""African American Films Through 1959: A Comprehensive, Illustrated Filmography""",,George M. Lewis Stock Compay,Boles,Lottie,,,,,,The Realization of a Negro's Ambition,,,,Blacks in Black and White,,,Farmer,Jacque,,,,,,Nobody's Children,,,,Blacks in Black and White,,,Griffin,Alex,,,,,,Nobody's Children,,,,Blacks in Black and White,,,Green,Joe,,,,,,Nobody's Children,,,,Blacks in Black and White,,,Maurice,Richard,,,,,,Nobody's Children,,,,Blacks in Black and White,,,Nelson,Howard,,,,,,Nobody's Children,,,,Blacks in Black and White,,,Junior,Yvonne,,,,,,The Janitor ,,,,"""African American Films Through 1959: A Comprehensive, Illustrated Filmography""",,George M. Lewis Stock Compay,Watson,Julia,,,,,,The Janitor ,,,,"""African American Films Through 1959: A Comprehensive, Illustrated Filmography""",,George M. Lewis Stock Compay,Lewin,George,,,,,,The Janitor ,,,,"""African American Films Through 1959: A Comprehensive, Illustrated Filmography""",,George M. Lewis Stock Compay,Ward,Norman,,,,,,A Modern Cain,,,,Blacks in Black and White,,,Quarles,Vivian,,,,,,A Modern Cain,,,,Blacks in Black and White,,,Williams,Theodore,,,,,,A Modern Cain,,,,Blacks in Black and White,,,Harris,Harriet,,,,,,A Modern Cain,,,,Blacks in Black and White,,,Moralis,Bertie,,,,,,The Janitor ,,,,"""African American Films Through 1959: A Comprehensive, Illustrated Filmography""",,George M. Lewis Stock Compay,Rajah,maha,,,,,,The Tale of a Chicken,,,,,,,Whitely,Elsie,,,,,,The Janitor ,,,,"""African American Films Through 1959: A Comprehensive, Illustrated Filmography""",,George M. Lewis Stock Compay,Joyce,Andrian,,,,,,For His Mother's Sake,,,,Blacks in Black and White,,,Walker,Ruth,,,,,,For His Mother's Sake,,,,Blacks in Black and White,,,Hotaling,Arthur D. ,,,,,,,,,,,The Tale of a Chicken,,Dupree,Robert,,,,,,The Janitor ,,,,"""African American Films Through 1959: A Comprehensive, Illustrated Filmography""",,George M. Lewis Stock Compay,